0.4714351590000000,0.8595883850000000,0.9533241390000000,1.3211581710000000,1.3181515930000001,-0.4330088676602118,0.3124461031615657,0.0361419360000000,0.7554140090000000,-0.6813785923410474,-0.9742363100000000,0.5035917760000000,1.2245743270000000,-0.0324952154693302,-0.2484320550000000,-0.4793240130000000,1.0369512660121958,-1.9483403833752504,1.2888563861036619,0.8179417407100843,-2.1236202720000001,-0.3202038710000000,1.0030004503914458,0.2685404148844399,0.8770926800741558,0.4112040100000000,1.1263858080000000,-1.2179850432770918,-0.2757737340000000,1.1819441319999999,-1.4070845839999999,-0.1447409369056349,0.5849237471944038,1.4311836959999999,0.2228978680733802,-1.1459611851113112,-1.1533350705522798,0.2323074376741508,1.4263792284051062,0.5850842600000000,0.4255305830000000,-1.2226980290638678,0.8494122328968132,0.2013975538471992,1.0877137180000001,-0.7042520640000000,-0.7485279440000000,0.2464478620408318,1.4061760900000000,1.9244371394203210,-0.3833645880000000,-1.8736315380651611,-0.5723023410000000,-1.1509530539999999,-0.7044929270000000,-0.2153911541069763,0.3835801002612583,0.1891511956520233,1.5675141810000000,-0.0713092090000000,-1.2676870104926159,0.6427600145518341,0.8375661970000000,0.3848433831368694
-1.1909756659999999,-0.6365234850000000,-2.0212547779999999,-1.5469055180000000,-0.4693052770000000,0.2671003886795763,0.0526715093231313,-2.0749776359999998,0.2152685820000000,-0.4108917946820947,-0.0703448800000000,0.2852956950000000,-1.2811082600000001,0.1606998880613396,-0.6177066560000000,-0.2990162970000000,2.3351824720243917,0.7844005292494993,-0.3002481477926759,1.4401924914201687,-0.3335024420000000,-0.9161988500000000,-0.9007542492171082,-1.0354997472311203,-0.4197053488516884,0.8907649520000001,0.2471117230000000,0.3087909034458163,0.5004829170000000,0.3913714590000000,0.1267811810000000,-0.0698365518112699,0.8268669903888075,0.5927584170000000,1.0854087991467605,-1.8526294632226223,-1.0346043231045596,0.3757619333483016,0.0643030348102122,-0.1742981520000000,-0.9807243350000000,0.1891540988722644,0.7712174067936266,-1.5789463793056018,0.4388012590000000,-0.2404825390000000,-0.1081249270000000,-0.4636557459183364,-1.2496967320000001,-0.0371792241593579,-0.7818160650000000,-0.0060457311303223,1.1055870059999999,0.4190598130000000,1.7303155660000000,-0.5117488702139527,0.6157160035225165,-1.2055774376959534,-0.6242296100000000,-1.3193390370000000,0.6770994910147684,0.1704280791036682,0.5141447190000000,-0.2529418087262613
1.4327069520000000,0.0156963730000000,-0.3340773580000000,-0.2026463300000000,0.6755540970000000,0.9420726660193646,1.4048741414846970,0.2477921990000000,0.8410087820000000,-0.0453881000231421,0.3079688550000000,0.4842881260000000,0.8754755260000000,1.1949689675920094,-0.6828839780000000,0.6941033010000000,1.3021048360365870,0.1584607158742493,1.0370396353109861,0.4913755521302529,-0.8867193460000000,-0.3195613920000000,-0.6885254628256623,0.3103194006533199,0.8239906172224674,0.2263632270000000,0.1211718020000000,0.6700768781687244,0.8630648850000000,-0.8810470700000000,0.0037598480000000,2.6073061302830953,-0.0439135644167887,0.1702968930000000,0.1285375532201405,-0.2487906213339336,0.8698893303431607,0.2198164120224524,0.2615412332153182,-1.0713686940000000,-0.4278261070000000,1.1668589218083967,-0.1204316003095600,-0.6587967094584025,-0.9616022710000000,0.5855993030000000,0.2747788430000000,-1.0762004838775046,-1.5601488349999999,0.0713025152609631,0.2662374080000000,-0.3174477401954836,-1.2080155610000001,0.5235460400000000,0.2289272550000000,1.6657680866790709,1.1691459457837747,-1.0578246490439300,-0.4006442130000000,-0.5600929260000000,0.9166139135221523,1.0467821236555024,-0.0500496920000000,0.1860905384106081
-0.3126519020000000,-2.2426848410000000,0.0021183650000000,-0.6559693220000000,-1.8170272110000001,0.9052637103591528,3.1418930636462630,-0.8971567750000000,-1.4458100800000000,-0.5680575943641895,-0.2084987610000000,1.3634815220000001,-1.7107152940000001,-1.1327483668773208,0.4362576010000000,0.6786296960000000,-0.0787327609512172,-1.2317770295010011,1.4323639844146481,1.2304995488403372,0.3341979380000000,-0.6199930910000000,-0.1466528084342163,1.1296182965377599,1.2006041652966231,-2.0786178110000000,0.2989839320000000,2.8825153918916326,-1.0516278740000000,0.2950799470000000,-1.2689942120000000,1.6426620883774603,2.8693003777776154,-1.7517060040000001,-0.0823705057064793,-0.7041534984452449,-1.2292637922091192,0.1655559266966032,0.6079650036204243,-0.0484605020000000,1.4985699649999999,2.5588820117445290,-0.8129873554127467,-1.0811851286112033,1.2456098790000001,0.3528005480000000,0.2373497640000000,-0.4586808058366728,1.5573976039999999,1.6072032606812843,0.2794280350000000,-0.9185029312606446,-1.3397010560000000,0.8215172890000000,1.0927410129999999,1.3745098905720947,-0.3394244149549669,-0.2688687543919067,-1.1370615959999999,0.1649545580000000,-1.6850869769704633,-0.5483256637926636,0.7439528700000000,1.2985289265474775
-0.7205887439999999,1.1500357390000000,0.4054534140000000,0.1934213790000000,-0.1831085380000000,0.6878741396989407,1.0148653518078286,-0.1367948350000000,-1.4019732480000000,-0.0999423917052369,0.2912053470000000,-0.7811052800000000,-0.4507651030000000,0.9042598886533492,-1.7030128240000000,0.2395560000000000,-0.9811455109390215,-0.3623955988762513,0.4384914755183100,2.9667913485504220,0.5367838140000000,0.1569983810000000,1.6375958909572295,0.2372187794221994,0.3628942233707789,-0.3878862260000000,-0.1570991430000000,0.5476646536145406,-1.3920540809999999,1.8638011219999999,-0.8388429280000000,2.1095221764718253,-1.4527511450279811,0.2885813120000000,1.1809203123669010,-1.3607985175565560,-0.9718312627613994,0.0823723993707540,0.4814438280255304,-0.8452903630000000,-0.3601565660000000,1.8592848346806612,-0.9952727825159333,0.2172077202359958,0.5029255150000000,-1.8155577180000000,-0.2598437070000000,-2.0377782557958408,-0.5933563710000000,1.0418523001016053,-1.2196257109999999,-1.2824930013258060,2.0751852990000001,-0.1487418560000000,-0.3535715340000000,-1.2436168405348815,0.8634983573062913,-0.1482283837398833,-0.9031590220000000,-0.6315857770000000,-1.5377676474630797,1.2940906877591707,-1.7240501640000001,0.1418199446843469
0.8871629240000000,0.9919460420000000,0.2890919450000000,0.5534389020000000,1.0589691400000001,-0.3331033899612710,0.5599529659693941,0.0182891920000000,-0.1009182040000000,0.7468419729537158,0.5665336850000000,-0.4680176680000000,0.7491638060000000,1.4234701071840188,0.3937106130000000,0.1512266250000000,3.2551908610731743,-2.1282956412515017,3.0380325276219722,1.1259591902605057,-0.7438303830000000,-0.5714553590000000,0.4601684323486755,-0.4518449766933605,2.6919817994449344,-0.0871069730000000,-0.7404690380000000,0.8464952133374488,1.1539222000000000,-1.7122739549999999,0.5539212230000000,3.0223315515661904,0.2528290261664227,-0.5425795320000000,0.2465266124402811,-2.3561961946678669,-2.5007868183136788,0.5707813410449047,0.8259500574306364,0.4151005450000000,-0.4582403900000000,0.9619598586167935,-1.8461993306191200,0.4619988560831949,-0.6313987970000000,-0.9101238250000000,-0.3124421830000000,-1.5190098247550092,-0.1702885180000000,1.8423882365219262,-0.7239488960000000,-0.8071778053909671,-1.4894096850000000,-0.0453704110000000,-0.0306588650000000,-0.0504724436418579,0.1396528715675497,1.8914698809121397,-1.0972781180000000,-0.8670697810000000,-2.7843103879556956,0.8026696793110046,0.0899015740000000,1.1704993498212162
0.2914954420000000,-2.2183806900000000,-2.0803222660000000,1.7967619900000000,0.7674442530000000,0.0276938140000000,1.1085491180000000,1.1642259360000000,1.3352264170000001,-1.3029607530000000,-0.4874963160000000,2.6078405380000000,-1.0610830780000000,-0.9862046240000000,-2.1684343810000000,1.3645281789999999,-2.1527073379999999,0.1383770850000000,-0.2671230730000000,-0.1760281030000000,0.6584247950000000,0.7864511610000000,-0.5942869190000000,-2.2578547000000002,0.2168423530000000,1.7003480200000001,-0.2052919420000000,-0.9077107910000000,0.2933221460000000,-0.6646640300000000,0.6778258090000000,0.6066204910000000
-0.2241590170000000,-0.9675057530000000,-0.0381300750000000,-0.6842936870000000,1.6782096620000000,-0.2277986110000000,0.3223862350000000,-0.4467646480000000,0.8506576420000000,0.2448667290000000,-2.3027434350000000,-0.1065736040000000,0.8178403970000000,-1.7197577950000000,-0.5623695850000000,-1.8840155599999999,0.2612399460000000,1.5378528830000000,1.7549089190000000,1.2344883680000001,-0.2777698040000000,0.6433715220000000,-0.4494409260000000,0.8780280350000000,1.0755524640000000,-0.9471209650000000,-1.0103338959999999,-0.6960140470000000,0.2388670740000000,-0.7277429700000000,-0.7455102210000000,1.4465667010000001
1.0892701149999999,0.6047647600000000,-0.6655145880000000,-0.8089413050000001,0.6585003140000000,-1.9200563429999999,-1.9559767250000000,0.5981284380000000,1.2950276140000001,0.6790171860000001,0.9348492030000000,2.0178289409999999,1.5507953170000000,-2.2300784590000000,0.6737508180000000,-0.2737684250000000,0.8199378850000000,-0.1877201940000000,0.0590811860000000,0.5946008560000000,-0.1868515760000000,0.6437752250000000,0.7289580700000000,0.8739559050000000,-0.9061255459999999,0.5827865000000000,0.7351496220000000,0.0772438420000000,-1.1543079610000000,-1.3719978330000000,0.4517853560000000,-0.6914016010000000
1.0113875870000000,1.9296712880000000,-0.2056800720000000,-0.6239159700000000,0.3826627140000000,-0.1855340750000000,0.3712835910000000,0.1920590550000000,0.0502978970000000,1.6607377530000000,1.3671661620000000,-0.8402575249999999,1.2257683280000000,-0.4391056900000000,1.2238465549999999,-0.2351329620000000,-0.3127764170000000,1.1950938700000000,0.9464923140000000,-1.5020784140000001,1.2391483780000001,0.0978464930000000,-0.7475421430000000,-0.7102040050000000,-1.3741497990000000,-0.4645923380000000,-0.9460760950000000,-0.2048737700000000,-0.2733871040000000,0.7898392080000000,1.4011608360000001,0.9551487570000000
1.1246455909999999,-0.8236413600000000,0.7058803440000000,0.0840444710000000,-1.0989427570000001,-0.1488491890000000,-0.7037774320000000,-2.1469256880000001,0.3495468200000000,-2.0312702659999999,-1.1805752519999999,-0.0861640650000000,1.5225412850000000,-2.3972420689999998,-1.0526298279999999,0.1717916580000000,0.2810808120000000,0.0749160570000000,0.2126018110000000,0.1871269640000000,0.6649745110000000,1.2649756670000001,-1.0583615300000000,0.1939101070000000,0.8922649030000001,0.2732912000000000,1.4648852349999999,0.7286787630000000,1.6243337390000001,-0.0823234320000000,-0.4262240230000000,0.6721420290000000
-1.4417328379691547,0.3120285570000000,-1.2517481368366858,1.7482623063289442,-1.7091618946555385,1.6020770241911892,1.1612890140133645,-0.8852272630000000,0.3697072632128142,-0.3769795509768835,-0.2909128070000000,-0.7862693070000000,-0.2772078100908458,0.1245084780000000,0.1587192410717927,-1.1420773168307246,-1.1385818423846978,2.7597140705150567,-0.4296831836361332,-0.4647837580000000,-2.0819949038667058,-1.9296975139999999,-1.1878454665757232,0.8016319870000000,0.5580561760000000,-0.5427446630824394,-1.9010455232698560,-0.4605249203509933,0.4131921830000000,-1.1278601976181097,0.9295043350000000,-0.9160497653036006
0.6351853582049880,-0.7850742940000000,1.4319656747436245,-0.0252976788859672,-2.0370455850312332,1.4151001776856624,2.6044166265490105,-0.4943915310000000,1.1211085567656758,-0.8173606375147612,-1.9392869470000000,0.5884882809999999,0.0044668007076137,1.4939948320000001,-1.8027408191136696,0.6216664885463322,-0.9514484215867047,0.3544953232833395,-0.9904917141353895,-1.0405907630000000,-0.6629828817968364,-2.3800888059999998,0.1829852213540439,1.1124284270000000,0.0434682740000000,0.2326907715871999,-1.6666083532299978,0.4089946942255867,-1.0147026779999999,-1.5188780588382136,0.4267144200000000,-0.8406905986147316
-0.7765863540000000,0.7400888799999999,-0.1782661970000000,-0.1102959360000000,1.1786198619999999,0.3960240480000000,0.8410297040000000,-1.0249865060000001,-0.4748761650000000,0.1288318780000000,0.6287055020000000,-0.3465984460000000,0.9521698950000000,-0.2370581180000000,-1.0164550539999999,-0.4644765850000000,-0.6985726950000000,0.3226656910000000,0.3903383910000000,-1.4363949300000001,0.3910029530000000,-0.5147748590000000,1.3760175699999999,0.0638441590000000,-1.8940476180000001,0.5940953490000001,-0.1570139380000000,-0.1568231880000000,0.7525882120000000,0.1833429930000000,-0.8351824280000000,0.2324727770000000
-0.3038648960000000,-0.4363400940000000,-0.0646375270000000,0.3659867050000000,-0.5288023350000000,-0.8862831590000000,0.5625522730000000,-1.8928351400000001,-0.5687562229999999,0.0553409790000000,-0.2225523290000000,-0.5343164210000000,-1.1150691509999999,-1.4820145370000000,0.3527142110000000,-0.0996078180000000,0.2861923870000000,-0.2336261420000000,-0.1471418590000000,1.2474769349999999,0.3196867110000000,1.0475161079999999,-1.3038182260000000,-0.1195340080000000,-0.0527542080000000,-0.5118008850000000,2.2613124849999999,-1.3968775270000000,-0.4177162950000000,-1.8748688700000000,1.0037528280000001,0.5250204210000000
-1.0146115830129210,-1.3852224350000000,-0.4887987691878970,-0.4813055512713377,0.3645022389603095,0.6186995655340737,0.7604823866134898,-0.3113893570000000,0.2072375730472316,1.5027357543316864,0.2231075320000000,-1.0890135770000000,0.4332068523903654,0.4298888440000000,-2.0437202862446120,-1.0335432158040696,0.2029158012036160,-0.4223528302963674,-0.4708059349924389,0.0708615850000000,-0.6116130213021802,-0.0685761650000000,1.1590815027695984,-1.2283316849999999,0.2358152720000000,-0.0545187667638126,0.3970531191824567,0.1316085121973267,-0.2771996860000000,0.5784850913572048,0.1961034830000000,-0.3074036539400313
-0.5075722930000000,-0.0549519290000000,-3.8808984760000000,-1.2039358620000000,1.2524036169999999,0.6919934150000000,-0.2650718690000000,-0.1186673120000000,-0.4891074000000000,0.5253877040000000,0.0516485720000000,0.2917694750000000,-0.1921020450000000,-0.7821863290000000,2.0116469860000001,1.7097460030000000,0.2108532190000000,-0.3355489080000000,0.6305826900000000,0.0733439330000000,1.4525712730000000,-0.0843179150000000,-1.7609031200000000,-0.0390363410000000,0.8719192150000000,0.6192968490000000,-0.5819875000000000,0.2013800590000000,0.1094922940000000,-0.1529494670000000,-2.2151036259999999,-0.4844029250000000
-0.3544772270000000,-0.7588391300000000,0.9744703770000001,-1.0768526789999999,0.6703941230000000,0.2426941990000000,1.2222522499999999,0.8333545330000000,-0.3568727370000000,-1.1109557150000000,0.4991672640000000,0.2538017930000000,0.3376226130000000,0.3896656330000000,-0.9637125730000000,0.8534685370000000,-2.0267956260000002,-0.3631829020000000,2.0249145030000002,0.2562156320000000,1.7366718050000001,0.8373951320000000,0.5667757390000000,1.2055357689999999,-0.0998872300000000,0.2705652710000000,0.8429206610000000,1.1319075820000000,1.2148102519999999,-0.9054166080000000,-1.1326251030000001,0.7611250880000000
-1.0460104939999999,-0.6633574370000000,0.4151600300000000,-0.9079465870000000,-1.5397210120000000,1.5240328310000000,0.1665021630000000,-0.9288447500000000,-0.4370709660000000,-0.1895662700000000,-0.8112480040000000,-0.5806865690000000,0.0475437010000000,-0.4803062080000000,-0.1740830240000000,-1.4985451700000001,-1.3711998460000001,-1.2611145969999999,1.5730763670000001,0.0639243800000000,-2.0364182000000000,1.0311216120000000,1.3280746939999999,-0.1463491020000000,1.4072214370000000,-0.4076621530000000,-0.2862376270000000,-0.1192173290000000,1.4869803189999999,-1.6505082849999999,-0.2937684360000000,-0.3070013520000000
0.4328717506208486,-0.2313920560000000,1.8762975151532049,0.9948227348106482,1.1339610593709291,0.3368137076548888,-1.1881930649282288,1.5812531710000000,-0.2177343467377230,0.8309697904998412,-0.3993460540000000,-0.2130513340000000,1.4336966473940207,-1.0519031290000000,-0.3748307169700218,1.5576552274147963,0.8751327700057081,-1.5257487885905108,2.1234401855927936,-2.2206425670000001,-1.8369313718085640,-0.3357551690000000,0.3805527643645596,-0.5488443970000000,0.6019005180000000,-0.0897115288540388,0.0067798812996025,-0.8583634078652432,-1.2413363460000000,1.7391695636194251,-0.4972518680000000,-0.2670887804747153
-0.3456480500000000,0.3131499890000000,0.4850111600000000,-1.3450167179999999,-0.3198166790000000,-0.1120489460000000,0.3485794070000000,-0.7198762890000000,-0.0937780810000000,2.4702424999999999,0.5149778720000000,-1.6868110900000000,0.4769306780000000,-0.9877360460000000,0.4492060840000000,1.3627254959999999,0.4904367630000000,-0.2186597140000000,0.6200376750000000,-0.6548997760000000,-1.6954461340000000,-0.4538678530000000,-0.9887233380000000,1.7561159129999999,-0.6506812570000000,-0.6753763560000000,0.4238086940000000,-0.7149669530000000,1.2686617370000000,0.3129004540000000,0.3480993210000000,-0.7508940700000000
1.3131695990000001,0.4105880860000000,-0.1708937140000000,-0.8606082200000000,-1.2572091820000000,-0.2968382840000000,0.6325789690000000,0.6712380650000001,-0.6159828310000000,0.3110872210000000,-0.0869210730000000,-0.8570730090000001,2.0102090840000000,-0.1820595710000000,-0.3859687150000000,1.2862557170000000,0.5697442290000000,-1.1231343750000000,0.5337588190000000,1.2826373579999999,0.6622363920000000,0.8896649480000000,-1.2619434599999999,1.1348675490000000,-0.6128028040000000,-1.1759010550000000,-1.0406473880000000,1.3304865360000000,-1.7110064030000001,0.8750236030000000,-1.2873499390000001,0.2833529110000000
1.6207189728359335,0.9631778600000001,0.7882005630342345,-0.8550812489490461,0.3877903240895854,0.1589951327557479,2.0308549814198615,1.1212925910000000,0.4228109752133588,-0.5820326129745454,0.5601566430000000,-0.8011618260000000,0.1238407783288440,-0.3794668320000000,0.3333449499348579,-0.0620148024612303,-0.3819138202478994,-0.2171096344742156,1.7260212076841155,0.7798653240000000,-0.6010908708513840,-0.8992070559999999,-0.3174019495191441,0.8942744730000000,-0.6996045110000000,1.5931342906824530,-0.5418993647392344,1.2158851040212111,-0.6598098870000000,0.3756691850408002,-1.4881223440000000,-0.1371108543947089
-0.0456931920209761,1.2147843840000001,1.1801464304173868,0.4932472367027835,0.1884047516436914,0.9106392489483146,1.0259669771403912,1.1710971590000001,0.3163006134300594,0.6041035098898534,-0.1535770000000000,1.3862268920000000,-0.9958181526013905,0.2732478980000000,0.2758473692574617,0.0581771566366585,1.5215920953405941,-0.8738103538414204,-1.3509746705421559,1.1433956620000001,0.4638973636600366,-0.1477501990000000,-0.3082136041893839,0.2078943700000000,-0.0186857130000000,1.2974900545523280,0.0696978175418713,0.3668426827760176,-0.6785441639999999,-1.5224805923969316,-0.7262200710000000,0.4761768580614866
0.4461427734232812,-1.3010817770000001,3.3314174851832914,-0.0429931496216259,0.1322819534219750,1.4459037129517567,3.2668679662868536,0.1384317130000000,0.2254453229078166,0.9406650064624009,0.2275886240000000,-0.5165659190000000,-1.7432740182285009,-0.1385563760000000,-0.7052952244267835,-1.3790125557632358,-0.9859432647150073,-1.4462887539460354,0.7951826041798579,-0.3325765430000000,-2.9142671073531075,0.8205352430000000,-0.1898886438495446,-0.4486747680000000,0.6185253860000000,-1.2080238783724282,0.1200472136852527,-0.1830442653946506,0.6561326980000000,-0.3934049512394240,0.5077469350000000,-1.3573306036532007
0.4059345276778683,1.5970005990000000,2.4654929355854893,-2.0194683474540631,-0.9017279747828288,1.5580373615317016,-0.7609795245638671,1.0452123879999999,0.7504957985596412,-0.5240092843523826,1.3023045060000000,-0.1904076490000000,1.1486309917748381,0.8819042440000000,-0.0998170329154981,0.0457466588225989,-0.6654604528597932,-0.5750754830889645,0.7705827269489296,-1.5074926609999999,-2.0569009611947062,-0.2850184740000000,0.6038931421734264,-0.0693996620000000,-0.3868143260000000,0.9368722690698617,1.2606964261485532,-1.4587650083555590,0.1406293960000000,1.9920011206738581,0.1898713560000000,0.0959025267065425
-0.2252973910000000,-0.7367239000000000,0.2384591850000000,1.1997859479999999,0.3936329190000000,0.1734580700000000,-1.1870411630000000,-0.3432892260000000,0.5383108260000000,0.2613255680000000,-0.1431130770000000,1.4463562969999999,0.9775511030000000,-0.5148968100000000,0.4180878100000000,0.8991352320000000,-0.6904024479999999,-0.1508036260000000,-1.5041793580000000,0.9206354020000000,1.4039864540000000,-0.5401417020000000,-0.7692182660000000,-0.8630123730000000,0.0454705170000000,0.5296331050000000,1.1483118530000000,-0.3835222130000000,0.8268296120000000,0.7872326370000000,0.9805277590000000,-0.8118981119999999
-0.6624343400000000,0.7059180140000000,1.7988733050000001,-0.4159342940000000,-0.9086522460000001,0.1066714080000000,1.6170815230000000,-0.8419166210000000,-0.6140509840000000,0.4573319260000000,0.6146497130000000,-2.0984203820000000,-0.5558203460000000,-0.1177963690000000,-0.7743000390000000,0.1638510080000000,0.2971374990000000,-1.2011961940000000,-1.6874670979999999,-0.4986456930000000,-1.1984450820000001,1.1555482150000000,0.6583961250000000,-0.4218527380000000,0.8120003940000000,-0.1695863600000000,-1.7104346749999999,-1.8470182420000001,-0.2846542600000000,0.4466139080000000,0.5551555750000000,-1.9194430110000000
2.0251638919262889,-1.0316388610000000,1.9269582598241710,1.3391181385878594,-0.0564408139978665,0.1159414008240843,1.5262969788869285,-0.6093472240000000,1.5019082718774308,-0.0582519411448384,-0.0420855730000000,-1.1698588130000001,-1.2433961947808414,-0.1089064330000000,-4.0140093708653621,-0.5884769768921611,-0.8039429297724112,1.1278165958050526,1.4612480744600214,-1.3917894360000000,-2.9594629845321507,-0.5565048460000001,1.4700045316739359,-1.5083976980000000,-0.3590053020000000,0.0698093526662253,-0.7010067338101235,-0.8152686598214662,0.1486314980000000,2.1435004831193116,0.3693712060000000,-2.2432300145501904
2.0228974441549910,1.0913469790000001,2.7578603149204759,1.2226169588900799,-1.5254277316201266,1.3698493617733614,1.5404705118655035,-0.1595143970000000,2.6108960715712501,-1.6200541671434032,0.7891374230000000,-0.4187943040000000,1.0065286245168323,-1.1426490549999999,-0.7895668427084080,0.5293602161713379,-1.3496594246886287,2.5995894266571917,-0.6500620894077184,0.6616592410000000,-0.3773698759402602,-0.4390288290000000,1.2878538540921451,-1.6256569620000001,0.6776930690000000,1.4095784881881064,0.5659747355671425,-0.2133881317803711,-0.0799166490000000,-1.2149059471724772,-0.6374413370000001,1.4720171346681934
0.8507195639302787,0.4955695270000000,3.8084671090167310,2.0952938626510380,-1.9642692894413010,0.8932382157325458,3.1625259035570350,-0.6464594600000000,2.1568478489568084,0.7071511918932669,-1.8173630240000000,-2.9445731639999999,-0.1819184859043846,-1.3491202590000000,-1.2016895266405652,0.7147495855330324,-1.1403109074373057,0.3444852601639972,2.4519063806606054,1.1796987059999999,-2.2416975066588782,0.4279614690000000,0.2156339384053905,0.6914376620000000,-0.0956473500000000,-0.1135610877908027,-0.7476601287338780,-0.4565724452607177,-0.8144696950000000,-1.0784674223048383,-3.4348192210000001,-1.2600007729672429
-0.3583377000000000,1.3264803890000001,1.8364307879999999,0.6742820740000000,-1.1142295600000001,0.8764694330000000,1.0200684069999999,-0.2276912930000000,0.3895339670000000,0.0737860130000000,-0.5810577270000000,-0.0985543360000000,1.4776399140000001,0.3168799280000000,0.4986885490000000,0.2465647010000000,1.0249178409999999,-1.0137511490000000,-1.7586863040000000,0.2918452620000000,1.2937898640000001,2.0069017410000001,-2.0403847690000001,0.0381033460000000,-0.0649022460000000,1.0176596640000000,-0.8351051210000000,1.0714883799999999,-0.5031287070000000,-2.0308487419999999,-0.0702828020000000,0.1190738830000000
0.5703098770000000,0.8411500450000000,-0.5589744450000000,-0.9636316300000000,-1.8674800400000000,-0.2664635180000000,1.5897210840000000,-0.4262383280000000,-1.4419409040000000,-1.6025574210000000,0.3698045910000000,-0.2807821930000000,-1.4366501570000001,-0.1288454830000000,1.1371333600000000,-0.0303132930000000,-0.4695553480000000,0.8049579860000000,1.1687853340000001,-0.8251602050000000,-1.1142752170000001,-0.1924638750000000,0.3847509030000000,-0.9225222470000000,-1.3294068569999999,0.2780182360000000,-0.5040815470000000,-0.0821846280000000,-0.1791548430000000,-0.1622603540000000,-0.2780440450000000,-1.0235478880000000
0.4341612717922605,0.0924088810000000,-0.0485980614136848,0.7397982924484460,-0.0005265761048729,2.1890828486446856,1.2979697567915043,0.3776500230000000,0.8736287478192292,0.5533777944937146,-0.4339132010000000,0.7398507000000000,0.9138234625391418,-1.3526438470000000,-0.0986341164845618,-0.8252981527948896,-0.3936268046648548,1.1786851808583612,-1.0798531578144803,-0.8811798100000000,0.4089051290731110,0.0132820480000000,0.4757810689476889,1.3635882140000000,0.0262883360000000,0.4755582145410768,1.9182161556125672,0.1301347190370251,0.4807962180000000,1.8528417025690431,-0.4582297210000000,2.1199414868773525
0.4101694520000000,1.0899407860000001,-0.9890504480000000,0.1284447910000000,-0.6350482700000000,1.2493523360000001,-0.9765244130000000,0.1411580150000000,-0.4453127680000000,-1.9683215620000001,1.2070467469999999,1.6271815300000001,2.1168539520000000,0.1614575830000000,0.5882312060000000,-0.6065926550000000,-0.0866427270000000,-0.9132117630000000,1.9778516290000001,0.2964566650000000,0.1307364700000000,-1.3212038280000000,-0.2931923270000000,1.1554157730000001,-0.3942472930000000,-2.1680877210000000,0.0052513090000000,0.2949054840000000,0.2825672630000000,0.4913674290000000,0.4966626760000000,0.3390515450000000
0.7078594570000000,2.0696232320000001,0.7750320429999999,-0.2627885640000000,-0.2748319210000000,0.2420064960000000,-0.8877503870000000,-0.0350936760000000,-1.4922660590000001,-0.2195545430000000,1.4567154650000000,0.0301324840000000,0.3686004880000000,0.7390643360000000,0.1245836090000000,1.1519961359999999,-0.8624280690000000,2.0474932190000001,0.3301228880000000,-0.3799123170000000,0.3160202800000000,0.6220279340000000,-0.8208246230000000,-1.9216220380000000,-0.6009089949999999,0.0351991880000000,1.0878685710000000,1.4026926760000000,-0.4589311780000000,-0.0356539790000000,-0.9804859760000000,0.5751262310000000
-1.1007969380000000,0.9581879970000000,-0.5933284760000000,0.2711315750000000,0.4366730450000000,-0.8327295179999999,-0.5773263570000000,-0.8896438480000000,0.2117847800000000,-0.2493353340000000,-1.5426864620000000,-0.1456013320000000,0.4316697720000000,0.1653769460000000,-0.0944013370000000,0.7469803090000000,1.1559861899999999,-0.8947829600000000,1.4814037080000000,0.7677468060000000,0.2294505830000000,0.1262992920000000,0.5718122720000000,1.1124351020000001,0.6585794690000000,0.4466825720000000,0.6381269100000000,-0.6222164030000000,0.0724197400000000,-0.2995763720000000,0.6919333930000000,-1.6817421910000001
1.7673857357377707,-0.4929016530000000,1.8510146613837393,-0.0420881396012968,-0.7017176994627827,2.6241681157561501,1.0883509536272991,-0.7467648390000000,-0.2338785290322105,1.0258557463448197,0.7780648470000000,0.2275304350000000,0.6864118720296345,-1.4950795170000000,0.5633621945987604,-1.3150840157458181,-0.9186405543347345,1.2490537085533346,-0.3553843675182275,-0.0952462180000000,-0.9261928860995750,0.4859611090000000,-0.4071314529019157,0.7680563330000000,-0.3676307200000000,-1.0665005171685924,-0.9953337119991246,-0.5639276211290799,0.0148215140000000,0.9582635900871093,-0.7384664420000000,0.2870132622753186
0.2435354045596457,0.2057204690000000,1.6718162437765409,-0.0068523708075974,0.0521927881484593,-0.2936994620346575,0.3432381337638699,1.1553921700000001,0.9831721947278367,-0.2290742361665493,2.1620583529999999,0.0796858590000000,0.4757070974313610,0.2419875410000000,-1.3875187541887897,0.9701446866164113,1.5242165858725025,1.0319065791918620,-0.4482357785863880,-0.2126381990000000,-0.3582124378184987,-1.3716002700000001,-0.8758046533816871,-1.8776170020000000,0.6444687250000000,0.4974485506582081,-0.0441235456769357,0.0420221396980159,-2.9441916940000001,-0.2334087190172597,-0.8272102480000000,-0.6970536606386528
0.9958228470000000,0.2128301410000000,-0.1173210590000000,0.9526949520000000,-1.1715410950000000,-0.5722935800000000,0.5808871390000000,-1.4819176199999999,-1.7551804780000000,0.5661063790000000,0.5179103610000000,1.0203452110000000,1.8076221939999999,-0.1409237380000000,1.7883237599999999,0.0431919360000000,-1.5395259859999999,-1.1622549300000000,0.3376988170000000,1.3831665520000000,0.6441975240000000,-2.2103459839999999,0.1281695370000000,0.2004997730000000,-0.1256919800000000,-1.1140469310000001,1.3610998390000000,1.5992174150000000,-0.8457661869999999,-0.7378880380000000,-0.1907679440000000,0.3539923130000000
0.0286283778385843,1.9680228230000001,1.2557090095375947,0.0715217596816776,-1.3723144906516507,-0.2205745269001455,0.1860191468473001,0.8206045030000000,0.8952493633066054,-1.0331567635348977,1.7897669080000000,-0.7901096340000000,0.8624165921425542,-0.6532545690000000,1.0846059301243138,-0.2980828068196968,0.8936732951154265,0.2683435427479399,0.9836919299511189,0.4812976120000000,-1.3826829022118627,-0.1970917580000000,1.7478453290343141,0.1457439510000000,-1.7599650620000000,-0.2389316888099725,-0.2072999450210869,-0.5487710760127319,1.5220693350000001,-2.5463660178904997,1.7637443540000000,-0.3858576556844634
1.0306252929851805,2.0713403220000002,0.2775485367864290,0.8286425397785318,0.1943806899098187,-0.6214424224974936,-2.4248568833353352,0.0730512810000000,-1.9875183278203508,-0.3547975436535945,0.3750395480000000,-1.1554473640000000,0.6434374518540830,1.7358555790000001,1.7281383606390164,0.0892519686638690,0.0873054583337707,0.5343018891089566,-0.4847869070627893,0.0976203230000000,2.2969042026977369,2.2047457700000002,0.5042671050283902,1.1251070500000000,1.2332146170000000,-1.4064007913871583,-0.4476919093243066,-1.4068439012646878,1.4924483300000000,-0.9040611792944843,0.4535716770000000,-0.0695275856756295
-0.3278669920093723,-1.1554082630000000,-0.6524711751820063,-0.8134643218830041,-0.8718510975992658,-0.9903815626700846,-1.0090384836792752,0.3134309950000000,1.2408420191650649,0.6645944717273875,-0.0759693380000000,-0.3675054610000000,0.6903304477453431,0.4932225940000000,-0.0805068896527105,0.3420786389681832,-0.8477485939284134,0.7474710634665102,-0.5326400059051222,-1.0208951230000001,1.2374541598752917,-1.5280271770000000,-0.6139547230607006,-2.5625507829999998,-0.2843887810000000,1.1911452516226353,0.8958267281237016,0.5215816552933861,0.4477484520000000,-0.6336063910112349,-0.3324150150000000,0.2055834645517431
0.4927696438972105,-0.8621138930000000,1.4116797359017199,0.6205221155974607,-1.0764261187270883,0.6701441128830383,0.1824526431899589,1.8189287190000001,0.8395170268279530,-0.0257840099060678,-0.6780031320000000,1.2639136310000001,1.2232556429572652,0.6997607350000000,0.5758078083505745,-0.1762084401774097,-1.0093976012390957,0.7839966593214233,0.1193935903482466,0.0007803570000000,-1.8755441108400461,-0.3331318200000000,-1.7661330485647255,0.1053675490000000,1.0155369040000000,0.8309154570917232,0.0345711343587980,0.5907022259752597,-1.5395306350000000,0.6202050048242415,1.4638270140000000,-0.1771628738661222
1.3211517253287517,-0.8214820030000000,1.3306586850855620,-0.7192419203618892,-0.0579892701932786,-0.4032218022023633,0.0892767969787965,-1.2539669280000001,0.2561545117359934,1.1848054892364461,0.6005414130000000,0.8270488980000000,0.1152802544164214,-0.4902148250000000,-0.8401855500981015,0.0819899312174197,-1.7900486637995476,0.0090689009716027,0.1131029972759186,0.1802383960000000,-2.1615306065955426,-1.2279230360000000,-0.0871717933769451,-0.8870593310000000,-1.3320654629999999,-1.7896968654282128,0.0607390347852517,-0.5112933192245361,-0.2103095800000000,0.8901703240264227,0.9503446220000000,-1.0735213917295594
1.1763465399999999,-0.6679936650000000,-0.7903082970000000,-1.5553317069999999,-1.6700835230000000,-0.3246488570000000,0.3126158120000000,1.5583846570000000,1.8559017179999999,1.8416467910000001,0.4934773150000000,-0.5724689960000000,-0.8197808860000000,0.2962811890000000,1.3704788680000000,-0.9655418400000000,0.4479786750000000,-0.1395214650000000,-0.8587017060000000,-1.1308407780000000,0.8678263429999999,-2.0702219010000000,-1.0102795360000001,0.9185324310000000,-0.2501018350000000,2.0311546329999999,1.8003153800000000,-0.9695915580000000,-1.3719002010000001,0.0918462200000000,0.5475373860000000,0.5413010720000000
0.5384643670000000,-0.3681746130000000,1.2310650350000001,-0.1615339370000000,1.4561392070000001,0.7006002070000000,0.3946904840000000,0.9608919020000000,0.0284835860000000,0.3047808410000000,0.3938539920000000,1.2116776700000000,-1.3020515440000000,0.5747737880000000,-0.7008144260000000,0.0340855680000000,-0.0386443210000000,1.6678766009999999,0.7448866960000000,-0.9162836670000000,-0.2507334350000000,1.5391950610000000,0.1690600220000000,1.2667669060000000,0.4565951820000000,0.0539678450000000,-0.0985600500000000,1.2345761060000000,-0.3517770470000000,-0.0657998620000000,-0.3298729960000000,1.8530733589999999
1.2153680825363815,0.0201185080000000,2.0821571056354475,2.5457707211870155,-0.6337763122732529,1.3892857300192447,1.3632660897629627,-0.9356909990000000,0.3078594423660029,-0.7179442756888661,-0.9064090849999999,1.7929881809999999,0.8810495896667212,-0.5051596760000000,-2.3039374493674205,-0.7797189792808927,-1.6960109287698393,1.6035678403527847,-0.2224359977184408,0.2147612570000000,-1.0470065886827857,-0.5490618350000001,1.1288022058661984,0.1163204090000000,-1.9756777290000000,0.4567941992224105,-1.0946617017384335,-0.2906968943470642,0.4594332870000000,1.3653019576405336,-1.2477300170000001,-1.8186586205424156
0.4505581826795200,-0.8232082720000000,1.4577685479142901,0.4523060201551463,1.1199564261300095,-0.1402481559552822,-0.3020594821658923,-0.1787078230000000,0.9006781284415377,0.9354522180231348,0.3191507460000000,1.3791246410000000,0.2535957185211021,0.7025482650000000,-0.3557454492526596,-1.0695887192148772,-0.0561094193786175,1.2710833752313684,-0.6316882293191521,1.4193898439999999,-1.7082371574571313,0.4900777040000000,0.9566761882497822,-0.1295493250000000,0.0108466470000000,0.0393380068807225,1.1307774653062945,2.2806886166889777,-0.5063538550000000,-0.3049967012513094,-1.3201991319999999,-0.8017579648296654
0.7686282950065866,-0.1654805990000000,3.0551630412789801,1.7450488389145651,-1.8808059164254698,0.5427384901573356,-1.2946010226853633,-0.2687669400000000,-0.3183975549624952,-0.0808851247407302,-0.4991438690000000,2.0499172209999998,0.6707771980166479,-0.5545848010000000,-0.7172131947991902,0.5585282968944431,1.1250544763987234,0.6245785158495787,0.1086061364079379,-0.5344595310000000,-1.8442880206148149,0.8471902010000000,1.3875783825093722,2.2316172120000002,0.7621713879999999,0.4047738597509037,0.9938458393401908,-0.1605692432188126,0.6406944390000000,1.7244993422975452,0.9636939170000000,-1.1785900271048000
-0.4955874680000000,0.7208658460000000,0.2067040500000000,-0.0457875840000000,-0.3837072250000000,0.7607472540000000,-0.2934788760000000,0.3020245730000000,-0.3549615140000000,1.2498402600000000,-0.6603992580000000,0.9920113680000000,0.3108131890000000,0.7283355000000000,-1.7538729909999999,0.1969612690000000,-0.1970198010000000,-0.8075485230000000,-1.0771625039999999,0.7982283830000000,0.3389152880000000,1.2223513130000001,-0.5207861660000001,1.7026668789999999,-1.4608292580000000,1.1410733460000000,-0.9393274190000001,1.0332016939999999,-0.2667922080000000,-0.3984816670000000,-1.1213115450000000,0.4911492170000000
-0.9686514140000000,1.2959189410000000,-0.6964936260000000,0.2997504170000000,0.8289514180000001,1.3812406060000000,2.0536832810000001,0.6158062820000000,-0.2617758210000000,-0.9223068950000000,0.0774696990000000,-0.9300348160000000,0.5044872760000000,-1.2438580990000001,0.6456511619999999,-0.2755043210000000,-0.6677363510000000,-0.7848128680000001,-0.8829829690000000,-0.6633610130000001,-2.6669523719999999,2.7144043450000002,-0.3820880950000000,-0.5535650250000000,-0.1791759280000000,-0.0878565240000000,0.5889214280000000,1.1476290229999999,1.1823967700000000,1.4316939120000001,-0.5090897680000001,-1.1663032769999999
0.2969830630000000,-0.5277667050000000,-1.9544898270000000,0.6667516230000000,-0.7663148640000000,0.3845390980000000,0.5294049980000000,-1.3008904459999999,0.8121258020000000,-0.1306903360000000,0.3875518140000000,-0.2493938800000000,1.2603318690000000,-1.1078218220000000,1.5517758129999999,0.0622478240000000,-0.5906834600000000,-1.3155155180000000,0.6329304580000000,0.2306460740000000,-0.3827543850000000,0.4192335610000000,-0.4321810900000000,-1.6951534749999999,0.2383192030000000,1.1240535970000001,0.1200639080000000,-0.0773707180000000,-0.0829558070000000,-0.4943362180000000,-0.3893764620000000,-1.7250567670000001
0.2614026774212135,-0.4633930030000000,0.4710580675392697,0.2904988754976291,1.6680084882296282,-0.8535903817114424,0.7993733938826946,0.0181042350000000,0.6557713103380352,1.3403202448914528,0.9763528700000000,-1.0028945210000000,-1.5127123619058176,-0.4266981480000000,-1.7313756001317051,0.1055500548183595,1.2532972046454141,0.9342607131027950,0.7631119603872685,1.6929482220000001,0.2096021048313799,1.6202442650000000,-1.4523377996852904,1.1018464569999999,-0.5356210470000000,0.7257691902364228,-0.1750468363054958,-0.2678280630178392,-1.0333396200000000,-1.2803571022702176,0.1506738660000000,-0.4330193830732693
1.0297057629999999,-0.1507922410000000,-0.9783263210000001,-2.3340468410000001,0.0444719230000000,0.3001552520000000,-0.5074495670000000,0.1642879690000000,-0.8865119220000000,0.6046922210000000,-0.8412989380000000,-2.5727064610000001,1.1810678240000001,-2.7556509970000000,-1.2212693690000000,-1.5244078640000001,0.9153962730000000,-0.1572352650000000,-1.0932683940000001,0.3866712450000000,-0.2267934080000000,-2.1792895790000002,-1.3744245770000001,0.1384543180000000,-0.5299216510000000,0.4945644140000000,-1.0111690760000001,0.1950170990000000,-1.0290547610000000,-0.2437516900000000,1.1643369200000000,0.3558326660000000
2.3567515533444756,-1.1393411160000000,1.7257748608355286,0.5391767318832149,-1.0267205550844807,0.7377216034929326,0.9075141848069046,1.3330500130000000,0.1383050766312690,-0.1956694436220264,-0.1459355650000000,-0.0460803810000000,0.9744420858995397,-1.1483471390000000,0.0882180152130326,-0.2371735018022513,0.3081073173160677,0.5542769897028743,0.2475565922985092,1.3227754830000000,-2.3923691199129089,0.7132442590000000,0.5396237367097942,-0.4931561950000000,0.1379839780000000,1.2777532825532245,-1.7390166375033116,0.4028298901390221,-0.5027798409999999,0.9639343897165721,-0.3329436780000000,0.6658580891781670
-0.1908579170000000,-0.9543871280000000,-0.4123899640000000,-1.7120972870000000,-0.6798045040000000,-0.5423820020000000,0.3261877890000000,2.6039183140000000,-0.5629532340000000,0.1815850590000000,0.8548229340000000,1.3591819999999999,-0.0069284400000000,-1.2346769570000000,0.1597969680000000,1.8462902310000000,-0.9147340660000000,-0.3634068970000000,2.6798536780000002,-0.6504711510000000,0.0560615250000000,-1.6460450890000000,0.9605409499999999,-1.4664024110000000,-0.8377339840000000,-0.5729535820000000,0.8046913740000000,0.3548061850000000,-0.0834378380000000,0.3851296900000000,0.1151813050000000,0.8619021770000000
-1.1902597141613109,0.0518365990000000,-0.8805785897724394,2.5743902357802759,-1.4241004468484357,0.4095677923981922,-0.0391426604278545,0.3970134260000000,1.1572914898689846,0.5175529587256393,-0.2855409090000000,0.0209713750000000,-0.0136998452419677,-0.5894496440000000,0.2142914543262815,0.8252050314926429,-1.2562787885033211,-0.1827579937447399,1.1656973784086593,-0.0373305270000000,-2.7807433805576967,-0.5031038520000000,-1.5884026373913320,-0.4641833600000000,0.6984229090000000,-0.5012144120634567,-0.1662125795102096,1.8705099123712905,-1.1842530970000000,1.7885974062191194,-1.0481272939999999,0.2478483150816669
2.5112147330000001,-0.1470481160000000,1.4036880730000001,0.6716661450000000,-0.6495941280000000,-0.4849999550000000,0.4269219930000000,-0.4776695670000000,0.3832320570000000,-0.2045167980000000,0.0538424700000000,-0.2104731050000000,0.6521861550000000,-1.3132483960000001,-0.9570865039999999,0.2627919910000000,-0.9788931610000000,0.4144209620000000,-0.1588084400000000,0.1957189590000000,-0.1523101330000000,-0.2908412810000000,-1.7761780020000000,-0.3081673680000000,0.3518946170000000,0.9040066600000000,2.0044388770000001,1.5680079460000000,0.9265927670000000,-1.3341481690000001,-0.6057333350000000,-0.2809915540000000
-1.2392336129999999,-0.3839779200000000,-1.4794247149999999,0.1433545650000000,-1.0798429249999999,-0.0864556660000000,-0.0647989810000000,-0.1034137380000000,-1.3248063329999999,1.4628236290000001,-0.6035822630000000,1.5972605940000000,0.2471310200000000,-0.4947136040000000,-1.3940825459999999,-0.3600826860000000,0.5596639510000000,0.1751710330000000,-0.0580519210000000,-1.7731869220000001,0.7240716810000000,0.0166470730000000,0.7444488410000000,0.9005686640000000,0.9708138700000000,-0.7558122870000000,0.1444630320000000,1.2325652840000001,-1.9567823410000000,1.3835314510000001,1.4187538620000000,-1.2991225719999999
-1.2236683370000001,1.2090252640000001,-0.5441423650000000,0.3457840380000000,-0.1069242660000000,1.3157098290000000,-0.3073414270000000,0.2300214320000000,1.1392692330000000,0.5061493520000000,-1.1603752370000000,0.9261913899999999,1.5432642700000001,0.6699894669999999,-0.9705525040000000,1.3989477159999999,0.0551286150000000,-0.5295158030000000,-0.9282613400000000,-1.7137670519999999,1.1753610370000001,0.5268939140000000,1.4683457609999999,0.1470399050000000,-0.3491334920000000,0.2064121960000000,0.4434659480000000,0.1742693480000000,-0.2732273640000000,-0.3372987810000000,-0.4428354800000000,-1.7399822469999999
-0.2757147337231989,0.2139230370000000,-0.2031220192618990,1.0528186227011636,0.5028075283225982,0.2580665416309784,1.0963347055308890,-0.8677089210000000,-0.0163097205267664,-1.9787919425591027,-0.8120976090000001,-0.1365429310000000,1.2692743948905931,-0.1380936210000000,-1.0629774547753565,-0.0948686110504401,0.9653062230247251,-0.0116409055678113,0.9259190577698211,1.2294532060000001,-0.0642620113100939,-1.7723522190000001,-0.0773428010522506,-0.7826995850000000,0.3051002320000000,-0.2172108084885683,-0.5157992088020865,1.0367800053329113,-1.0692465309999999,-0.5716094875011883,-0.4332002400000000,-0.8583093814465679
0.8995959607104581,-0.1139797120000000,1.1257624789991345,1.1322504730927405,1.6026440644971862,-1.0329228227979685,0.9578094258067238,-0.1244836080000000,0.8231648071066442,0.6208687807939487,-1.1958494190000000,1.1681625840000001,0.1864206066685363,0.0582058360000000,-1.3426968640075643,-0.9994948023696799,-2.6381938633182376,1.4711626686084116,0.6387658253966960,1.3275817630000000,-0.5278785757426551,-0.2397150990000000,0.6378115753522182,-1.7444571259999999,-0.5799206500000000,-0.5204283035910756,-0.3006833541742823,-0.5099821689693531,-1.4907495980000001,-0.4641934707288928,0.8350012900000000,-0.3926285950482720
-0.4117716166079146,0.9449449180000000,1.7600433316592046,0.8522731896397557,0.5788902325843085,-0.6324958589860135,1.0684687805931110,-0.7612431050000000,0.6413132155660153,0.3742253454344479,0.5625164510000000,-1.0062450169999999,-0.9039982859474981,-0.7804976110000000,-0.0253358305096622,-0.2112963069796149,0.7234199386421134,0.0966686997914691,-1.7674343781456228,1.6306208369999999,-0.2559843082546581,-0.2667340040000000,0.1176599132258558,-0.9021758439999999,-0.7225697639999999,-0.2607434615574759,-0.3258227136338082,-0.5856897156122709,0.4002494220000000,0.7657287142408479,-1.0412775280000000,0.5610459911745953
1.7625683550000000,-0.1833933000000000,-0.7163139580000000,-0.0507949440000000,2.5507841110000000,0.2004171460000000,0.1797728090000000,0.3244228360000000,0.9728233220000000,-0.0338525250000000,-0.2368673830000000,-0.6167593600000000,-0.9204114680000000,0.3375416100000000,-0.0317636430000000,0.2093458770000000,-0.2733712200000000,-1.8534207340000000,1.2015206810000001,-0.2301741090000000,0.2811251880000000,1.1180114750000001,0.6700916290000000,-1.6029094460000000,-1.0160008670000000,-0.6933772560000000,-0.5921025280000000,-0.8899781110000000,1.9819866420000001,-1.4681013820000000,1.4018108840000001,-0.3520193400000000
-0.0856730190000000,1.7143232820000001,0.3738614620000000,-0.1650880430000000,0.1648576260000000,-0.1284167770000000,-0.9173732999999999,0.3404934110000000,0.8069092040000000,-0.0615564990000000,-0.2196736930000000,0.2189395580000000,0.9389845130000000,-0.1669197380000000,-0.5899930000000000,-0.1494726240000000,-0.2310607280000000,-0.7018494610000000,0.9468057160000000,-0.4408094290000000,0.5551943780000000,0.1746658980000000,-0.2762424650000000,0.7244552970000000,0.2457522450000000,-1.1049153800000000,0.0746889190000000,-0.1319820580000000,-0.3284384910000000,0.5513317580000000,-1.0937974450000001,-1.3121250870000001
1.6943779247420556,0.0246001690000000,-1.1406222029296516,-0.1314007131764635,0.1136037961797533,0.4972632861980634,0.3381174004873097,-1.1394985909999999,0.3558516413702806,-0.7032903061264657,-1.6233221289999999,0.7178382870000000,0.2252035613406915,0.1057656930000000,0.5682465759191342,1.1746000999834596,-0.8747977968556048,0.3169796766942737,-0.8552921826543406,-2.2056791780000000,1.1457421013132039,1.7757873540000000,0.1659575085937388,-2.2084457870000000,-0.5333088040000000,1.3096082875003818,-1.1338376087369493,0.2150920202095323,-1.1300659179999999,0.9602390963106001,1.3756706710000000,1.0822276912973887
0.1568213111048171,0.4541326460000000,3.5000206191849514,0.5943457278553461,-1.7835337608144495,1.7993642036671749,1.0724794160849864,-0.3623528780000000,0.5128166000718580,3.3158802210947345,-0.6343960760000000,0.0133330530000000,0.4847816490963130,0.0444864150000000,-1.7213340752552011,-0.2640484766459253,-2.0373643096578409,-1.0672184712612809,1.6312532365177261,-1.3750046490000001,-0.3017582908236718,-0.8409451250000000,-0.0530179400197573,0.0861006750000000,-0.6542103290000000,-0.4128046837225749,1.2630696226677525,-0.6924687408890595,0.4763526320000000,0.2697557534745710,-0.5445992950000000,0.5676449462536688
-1.0499986410000000,0.2722776830000000,1.0410667659999999,-1.2441829440000001,-0.3647544380000000,0.5934361820000000,-0.3845061360000000,-0.6125780940000000,-0.9721168880000000,-0.1201116290000000,0.3408766390000000,1.3480598930000001,-0.0351007660000000,-0.3689459260000000,-1.3465703730000000,0.9372661110000000,-1.0028121470000000,0.2765803640000000,-0.1316227170000000,-0.3595556020000000,-1.0975618359999999,-0.7601090069999999,-0.5835199360000000,-1.0998399260000000,-0.5679934020000000,0.3833361570000000,-1.3070679900000000,-2.3128318790000000,-1.3422304389999999,-1.4258397819999999,0.6897774930000000,0.0108928970000000
0.8860522472786174,0.3058230880000000,2.1222126710383566,1.1057175620413178,-0.7273735945333262,1.1770577075189514,-0.4074769350506592,-0.0604876840000000,0.5754347021547206,0.4288205158412982,2.8336827750000002,0.6621764900000000,-1.4358370444441952,-0.0739514160000000,-2.2125504538571947,-1.6786687737361468,-0.5578182847261509,1.6652256807295185,1.0113783019023053,-1.1938124900000000,-0.8356188034304021,-0.4083952610000000,1.8605933106265291,-0.8806908730000000,0.1183241680000000,-0.2017727948072794,0.3838873121120460,0.9262213515629359,0.2607287170000000,1.2390059388842884,1.0502479080000000,-0.5856776721748627
-1.8605179497830560,-0.2199699785322238,-1.0351145270000000,-1.0897649346426141,1.3779206033117757,2.4428560730000002,0.7554836870000000,1.1680024235232964,-1.0277627004209218,-0.6976849440000000,-0.3574012520000000,2.4371361184411846,0.2392034472604848,-1.2006200549999999,-0.3176435830000000,0.5414643880000000
1.6618503330000001,1.2076659199999999,0.4891305270000000,0.6166105870000000,0.8861896990000000,-2.5969333649999999,0.3311536910000000,1.2394733430000000,-0.8683937790000000,0.1210433100000000,-0.3125795720000000,0.5715904240000000,-0.3816038670000000,1.3508245940000001,-1.4312118290000000,-0.5057110190000000
-0.5201050369561798,-1.5209720933683204,-0.2533400060000000,1.4113954358943528,0.8964623988508387,-0.5056362750000000,-0.2644007500000000,-0.6844190211361055,-1.1263318597411072,0.6745568510000000,0.9979715350000000,2.2314121243093203,1.1226728205374878,0.4152859750000000,0.8483676910000000,0.0634294230000000
-2.5669355547821837,-3.0600343887118937,-1.9481003280000000,-0.6377343343540784,-0.5509536316847166,0.6225587130000000,-2.1091837880000002,0.1213802893054040,-2.4778992447269848,0.3606138830000000,-0.7676771880000000,3.6286221325540780,2.3147193034498126,1.2809892890000001,-0.5838044880000000,-0.3070012030000000
-0.1347356466644415,0.2393776311011366,-0.1165555340000000,0.2925091454888117,0.6976141855408590,0.6045735480000000,0.4470951260000000,-1.5988441462576257,-0.7630098490591787,-1.3262985940000001,-0.4849597510000000,0.8973103948511506,0.4454564495559485,-1.6331028940000001,0.2092328670000000,-1.7827719449999999
0.2715006159228577,-1.7004371655763306,0.8005969520000000,-0.7773113084288944,1.5893666543581295,-0.4004957380000000,2.1417820449999998,0.7763530596392507,-0.4820297631404828,-0.4768959280000000,-1.1151123050000000,3.3452291607962783,1.5044149105245057,-0.3828600350000000,-0.9317234750000000,-0.6522216800000000
-1.5833289253375946,-0.6176809123753249,-0.7961540220000000,-1.2337346851591584,0.2745263628161928,0.7088717220000000,-0.0560791380000000,-0.0760693355187421,-1.4575670052462792,1.6840060950000000,0.2919859290000000,4.1026283729894377,1.7274087896476800,-1.3503243920000001,-0.4080122710000000,-1.0347045660000000
-0.9863316420000000,-0.6394615769999999,-0.3829523320000000,0.6269336940000000,-0.9508434529999999,-0.4030974510000000,1.1330971720000000,0.1949708910000000,0.5344100590000000,-1.0693439250000001,-1.8470846409999999,0.1711716350000000,0.1787716750000000,1.6347218750000001,0.3091071250000000,-0.6757454870000000
-0.8178008819469167,-1.4797964613467238,-0.3973731990000000,-0.9514630958350633,2.3317968284609192,-0.7912449240000000,0.3342391250000000,1.5517439313876344,-3.5737939252266866,-0.1402213870000000,0.5521886940000000,5.0603984312928461,0.8003671062883448,1.2452447410000000,-0.9589111800000000,0.8510395880000000
1.3067470094365534,-1.4795359390897080,-0.7176269290000000,0.9946723717357386,1.4475168762152320,-1.7649644609999999,-1.2183799740000001,-1.0386042197970360,-0.6719255323710718,0.6692933440000000,0.9268174769999999,2.9132340174912392,-1.3606750637755436,-0.1804050060000000,0.0266264940000000,-0.1138633490000000
-0.8391895290000000,-0.0016335150000000,0.1569950130000000,-0.2341053040000000,0.1039318070000000,0.3134599030000000,0.8347747920000000,1.8564533000000001,-1.2687335010000000,0.4783004520000000,1.3754558560000001,-0.1581495700000000,0.0937871410000000,-0.0582070570000000,-0.6790868040000000,-0.9048851730000000
-0.4637648760000000,0.3646200000000000,-0.3447181880000000,-1.1576887370000000,-0.8541611430000000,0.8654820920000000,0.4269230070000000,-0.7893295290000000,1.7102487090000000,-0.5224266050000000,0.4761199060000000,-0.1139735800000000,-0.9441415670000000,0.6728288529999999,0.6911057229999999,1.2999306920000000
0.0806030774182331,-5.3763948671812525,-0.1712080090000000,0.2356059597868285,1.4505739026905806,0.9408847690000000,0.8040162920000000,0.2436128099330190,0.5019375975312119,0.0257380880000000,-0.0721920880000000,4.4580251682736955,1.7823593946203049,-0.0430646240000000,-1.0872440340000000,-1.2407364850000000
-0.8773700000000000,1.2070864440000000,0.5381161570000000,1.1416640280000001,0.5111457109999999,1.1558043960000000,-0.7022995950000001,0.4740192890000000,0.4942832290000000,-1.1649007800000000,-0.1570323710000000,-0.4590534270000000,0.4189793170000000,-0.5143856999999999,0.0142332510000000,1.2121664290000000
2.5510808537093483,0.1109624303687762,0.2263878430000000,-0.8797663435064403,0.6522403827023756,-0.1318121250000000,0.4151451590000000,0.1580169401276708,0.9008397282594702,1.0305278300000000,-0.7625353340000000,-1.2077503719767873,0.0782478241103730,1.5660139319999999,0.1645949780000000,-3.2642037870000000
0.6910484221166628,-0.1701925360247470,1.5417290930000001,0.2624412545072778,2.4075733119088691,0.7338848710000000,-0.9185708760000000,0.1234490961766740,-0.0087155961922150,0.9677629470000000,1.7288814779999999,0.0382712227717469,-0.4011320086828930,0.5633698700000001,0.3637929560000000,1.1139719490000000
-1.5469069167757523,0.0091078226198089,0.4307440220000000,0.2324912783258445,1.9402803408351541,-1.7022671700000001,-0.2893916670000000,1.6806518665196539,-0.8947502132486068,0.0454740900000000,0.6785762910000001,1.3586426875666135,1.0929051356538269,-0.7942823170000000,-1.9837034940000000,0.6971915359999999
-1.9082168594113773,-2.1086142902103471,0.0763573130000000,-0.6011742504931277,1.0005310406802286,-2.0809195040000001,-0.0892903130000000,0.5769896647594095,-0.5139169403907810,1.2775022979999999,-0.9125674370000000,0.3347564930680716,0.4621555709820143,-0.5061506630000000,0.9863919620000000,0.0903136950000000
-1.3616374070039452,-0.6069271922248642,-0.6063933969999999,-0.7640247802394564,3.9548912359598734,1.1169428830000001,-0.4601036010000000,0.6494156360343598,-0.5076703219818980,0.0872982000000000,0.6699025630000000,3.5746906005715955,-1.1538957104805556,-1.3346478939999999,-0.7900557520000000,-0.2636291090000000
1.0521007780000000,-0.7464782000000000,1.1679083109999999,0.0161362050000000,1.0068111420000001,-0.3548177480000000,-1.6237459180000000,0.3954443630000000,-0.3583996890000000,0.2986455860000000,-0.6414375310000000,-0.7268152240000000,-0.4695488810000000,0.0284571630000000,-0.2288109060000000,-0.8137435910000000
1.0666877975774356,0.6701928016008978,-0.9099017980000000,0.8461863883180811,-0.2253421076481357,0.9061812160000000,-0.6564734580000000,1.3800774194355379,0.0983631018081796,1.1774871350000000,0.3583953080000000,-1.4053424388989038,-0.1616966872344673,-0.7592404480000000,-0.8470482230000000,-1.5451577900000000
0.5239468220000000,1.4156858919999999,-0.1497919860000000,1.5202584269999999,1.6895104649999999,2.2507939339999998,1.7571903470000001,-0.7261378770000000,-1.1388056280000001,-0.0196518490000000,0.5161870119999999,0.2751591210000000,0.2428731770000000,-0.2481881080000000,1.0949183700000000,-1.6156625750000000
-0.7730352887749673,-2.5336622737833028,0.2480379050000000,0.3865771309504522,1.2188651706157783,-0.0639454950000000,-0.1208054650000000,-0.7122262796534654,-0.2821537267189950,-0.0721147060000000,-2.6812610630000000,2.1703981454193904,0.6995141128542288,-1.2861491439999999,1.5451867580000000,-0.6197532420000000
1.6870999339999999,-0.0275641900000000,-0.3322446940000000,0.6098048090000000,1.0259975189999999,0.6194199320000000,2.1384956840000000,-0.8324559929999999,0.5837407710000000,0.2467750760000000,0.6585841180000001,1.3616213800000001,1.6210999490000000,0.2936867180000000,-1.7462111709999999,-0.8601849080000000
1.0826454160000001,0.0467567670000000,1.2096972470000000,-0.7908979060000000,-0.6927417520000000,-0.9227308030000000,-1.7182047370000000,-0.1956828980000000,-0.8566633460000000,-0.2118740080000000,-0.4939384460000000,-1.0962607860000000,1.2260183099999999,-0.2644295100000000,-0.9418085810000000,-1.6917327639999999
-0.1523047290140600,-4.1698542012294793,-0.2924825550000000,-0.4340912782577193,1.6149120655973288,-0.6354898810000000,0.0733587970000000,-1.6902208683914186,-1.5320710987119162,-1.9166671040000001,-0.2766333520000000,2.4470806008756192,-0.4024711621375547,0.9323895570000000,0.3344925050000000,0.3044784370000000
-2.1863615463046138,0.3510960012710769,-0.7315962910000000,0.5551722379618012,0.3119545229658979,-0.0332892460000000,0.3098691700000000,-1.2578319945040823,-1.5578808682527288,0.6943282490000000,-0.5880591870000000,1.1566631727620260,1.6668194912227290,1.8743256330000000,-1.2963333130000001,0.7851479649999999
-0.6817538403663130,-0.8318792221839404,1.0774507520000001,0.4726486118675750,0.9355267660804534,0.4942499400000000,-0.7850332260000000,-0.0895894201700244,-1.4381931830501951,-0.6431804300000000,-1.6666725870000001,-0.5218992941591969,0.7176711309435064,1.1153738499999999,-0.4695852100000000,-0.1856766190000000
0.6451679470000000,-0.2199011740000000,1.8921859260000000,-0.5119192600000000,1.0572763679999999,0.7551437620000000,-0.3529626130000000,0.3919050100000000,0.6880216600000000,-1.1927553420000001,-0.5085067750000000,0.1848920580000000,0.8943744300000001,-0.5567823050000000,0.2898657320000000,0.2296034250000000
0.0418869103601080,-0.4999049028082517,-0.9822191000000000,-0.9565203275694653,-1.2118495590363605,1.2023022170000000,-0.6804787520000000,1.1712180239284733,0.7220317782313574,-1.3292994499999999,-1.2625722890000000,0.9520886885259180,0.6018079250913565,0.2593856160000000,0.3602558370000000,-1.7855575079999999
0.3309148550000000,-0.8211675290000000,-0.6030462380000000,0.5667586330000000,-0.3065123860000000,0.5179697280000000,0.3812777100000000,-0.8696454760000000,-0.4468453230000000,0.4992502930000000,-0.2080266480000000,-0.9875978830000000,1.4065681699999999,0.7261359100000000,0.4068477750000000,1.8934522869999999
0.6205918981418301,0.0101258402852813,-0.5012702350000000,1.3532796158116702,0.7230548609217183,-1.2951818700000000,-1.5605640409999999,1.3572309127645901,-2.1560782913631247,0.5018202070000000,-1.4845161440000001,0.9483060912650506,-1.0238629996658550,-1.6821331980000001,0.1342996660000000,-0.7674017550000000
-2.2936229685199030
-0.1936474828721968
0.1192117180000000
-2.5343518683140789
-5.4650599949414884
0.9551087619999999
1.2389694449999999
-2.1296294290151709
-2.7394453724889436
-0.3113241200000000
-0.5090104340000000
-4.9406937553788692
-2.6887181348756579
-1.1172195670000000
1.3791126010000001
-0.5216865540000000
