0.0000000000000000,0.0000000000000000,0.0000000000000000,0.0000000000000000,0.0000000000000000,1.0589829683303833,0.2751622200012207,-1.5528163909912109,-0.7460407018661499,0.0000000000000000,0.0000000000000000,0.0000000000000000,0.1131391301751137,1.8410519361495972,0.0000000000000000,0.0000000000000000,-0.5254409313201904,1.8287849426269531,1.0083378553390503,0.0000000000000000,0.0000000000000000,0.0000000000000000,0.9497565627098083,0.0000000000000000,-1.7641682624816895,0.0000000000000000,-0.7127146124839783,0.0000000000000000,-0.8141901493072510,0.0000000000000000,0.0000000000000000,0.0000000000000000,0.0258259605616331,0.0000000000000000,0.0000000000000000,0.0000000000000000,0.0000000000000000,0.0024383570998907,-0.5927957296371460,0.0000000000000000,0.0000000000000000,-0.0605587437748909,2.5698132514953613,-1.8992290496826172,0.0000000000000000,0.0000000000000000,0.0000000000000000,-2.9360678195953369,0.0000000000000000,-3.9468643665313721,0.3225586712360382,0.8351168036460876,0.0000000000000000,0.0000000000000000,0.0000000000000000,0.0000000000000000,0.0000000000000000,-0.5886498689651489,0.0000000000000000,0.0000000000000000,1.5854496955871582,-1.2188214063644409,0.0000000000000000,1.9985048770904541
0.0000000000000000,0.0000000000000000,0.0000000000000000,0.0000000000000000,0.0000000000000000,2.1179659366607666,0.5503244400024414,-3.1056327819824219,-1.4920814037322998,0.0000000000000000,0.0000000000000000,0.0000000000000000,0.2262782603502274,3.6821038722991943,0.0000000000000000,0.0000000000000000,-1.0508818626403809,3.6575698852539062,2.0166757106781006,0.0000000000000000,0.0000000000000000,0.0000000000000000,1.8995131254196167,0.0000000000000000,-3.5283365249633789,0.0000000000000000,-1.4254292249679565,0.0000000000000000,-1.6283802986145020,0.0000000000000000,0.0000000000000000,0.0000000000000000,0.0516519211232662,0.0000000000000000,0.0000000000000000,0.0000000000000000,0.0000000000000000,0.0048767141997814,-1.1855914592742920,0.0000000000000000,0.0000000000000000,-0.1211174875497818,5.1396265029907227,-3.7984580993652344,0.0000000000000000,0.0000000000000000,0.0000000000000000,-5.8721356391906738,0.0000000000000000,-7.8937287330627441,0.6451173424720764,1.6702336072921753,0.0000000000000000,0.0000000000000000,0.0000000000000000,0.0000000000000000,0.0000000000000000,-1.1772997379302979,0.0000000000000000,0.0000000000000000,3.1708993911743164,-2.4376428127288818,0.0000000000000000,3.9970097541809082
0.0000000000000000,0.0000000000000000,0.0000000000000000,0.0000000000000000,0.0000000000000000,3.1769490242004395,0.8254867196083069,-4.6584491729736328,-2.2381219863891602,0.0000000000000000,0.0000000000000000,0.0000000000000000,0.3394173979759216,5.5231556892395020,0.0000000000000000,0.0000000000000000,-1.5763227939605713,5.4863548278808594,3.0250136852264404,0.0000000000000000,0.0000000000000000,0.0000000000000000,2.8492696285247803,0.0000000000000000,-5.2925047874450684,0.0000000000000000,-2.1381437778472900,0.0000000000000000,-2.4425704479217529,0.0000000000000000,0.0000000000000000,0.0000000000000000,0.0774778798222542,0.0000000000000000,0.0000000000000000,0.0000000000000000,0.0000000000000000,0.0073150712996721,-1.7783871889114380,0.0000000000000000,0.0000000000000000,-0.1816762238740921,7.7094402313232422,-5.6976871490478516,0.0000000000000000,0.0000000000000000,0.0000000000000000,-8.8082036972045898,0.0000000000000000,-11.8405933380126953,0.9676760435104370,2.5053503513336182,0.0000000000000000,0.0000000000000000,0.0000000000000000,0.0000000000000000,0.0000000000000000,-1.7659496068954468,0.0000000000000000,0.0000000000000000,4.7563490867614746,-3.6564643383026123,0.0000000000000000,5.9955143928527832
0.0000000000000000,0.0000000000000000,0.0000000000000000,0.0000000000000000,0.0000000000000000,4.2359318733215332,1.1006488800048828,-6.2112655639648438,-2.9841628074645996,0.0000000000000000,0.0000000000000000,0.0000000000000000,0.4525565207004547,7.3642077445983887,0.0000000000000000,0.0000000000000000,-2.1017637252807617,7.3151397705078125,4.0333514213562012,0.0000000000000000,0.0000000000000000,0.0000000000000000,3.7990262508392334,0.0000000000000000,-7.0566730499267578,0.0000000000000000,-2.8508584499359131,0.0000000000000000,-3.2567605972290039,0.0000000000000000,0.0000000000000000,0.0000000000000000,0.1033038422465324,0.0000000000000000,0.0000000000000000,0.0000000000000000,0.0000000000000000,0.0097534283995628,-2.3711829185485840,0.0000000000000000,0.0000000000000000,-0.2422349750995636,10.2792530059814453,-7.5969161987304688,0.0000000000000000,0.0000000000000000,0.0000000000000000,-11.7442712783813477,0.0000000000000000,-15.7874574661254883,1.2902346849441528,3.3404672145843506,0.0000000000000000,0.0000000000000000,0.0000000000000000,0.0000000000000000,0.0000000000000000,-2.3545994758605957,0.0000000000000000,0.0000000000000000,6.3417987823486328,-4.8752856254577637,0.0000000000000000,7.9940195083618164
0.0000000000000000,0.0000000000000000,0.0000000000000000,0.0000000000000000,0.0000000000000000,5.2949151992797852,1.3758111000061035,-7.7640824317932129,-3.7302033901214600,0.0000000000000000,0.0000000000000000,0.0000000000000000,0.5656956434249878,9.2052593231201172,0.0000000000000000,0.0000000000000000,-2.6272046566009521,9.1439247131347656,5.0416893959045410,0.0000000000000000,0.0000000000000000,0.0000000000000000,4.7487831115722656,0.0000000000000000,-8.8208408355712891,0.0000000000000000,-3.5635728836059570,0.0000000000000000,-4.0709505081176758,0.0000000000000000,0.0000000000000000,0.0000000000000000,0.1291297972202301,0.0000000000000000,0.0000000000000000,0.0000000000000000,0.0000000000000000,0.0121917854994535,-2.9639785289764404,0.0000000000000000,0.0000000000000000,-0.3027937114238739,12.8490667343139648,-9.4961452484130859,0.0000000000000000,0.0000000000000000,0.0000000000000000,-14.6803398132324219,0.0000000000000000,-19.7343215942382812,1.6127934455871582,4.1755838394165039,0.0000000000000000,0.0000000000000000,0.0000000000000000,0.0000000000000000,0.0000000000000000,-2.9432494640350342,0.0000000000000000,0.0000000000000000,7.9272484779357910,-6.0941071510314941,0.0000000000000000,9.9925241470336914
0.0000000000000000,0.0000000000000000,0.0000000000000000,0.0000000000000000,0.0000000000000000,6.3538980484008789,1.6509734392166138,-9.3168983459472656,-4.4762439727783203,0.0000000000000000,0.0000000000000000,0.0000000000000000,0.6788347959518433,11.0463113784790039,0.0000000000000000,0.0000000000000000,-3.1526455879211426,10.9727096557617188,6.0500273704528809,0.0000000000000000,0.0000000000000000,0.0000000000000000,5.6985392570495605,0.0000000000000000,-10.5850095748901367,0.0000000000000000,-4.2762875556945801,0.0000000000000000,-4.8851408958435059,0.0000000000000000,0.0000000000000000,0.0000000000000000,0.1549557596445084,0.0000000000000000,0.0000000000000000,0.0000000000000000,0.0000000000000000,0.0146301425993443,-3.5567743778228760,0.0000000000000000,0.0000000000000000,-0.3633524477481842,15.4188804626464844,-11.3953742980957031,0.0000000000000000,0.0000000000000000,0.0000000000000000,-17.6164073944091797,0.0000000000000000,-23.6811866760253906,1.9353520870208740,5.0107007026672363,0.0000000000000000,0.0000000000000000,0.0000000000000000,0.0000000000000000,0.0000000000000000,-3.5318992137908936,0.0000000000000000,0.0000000000000000,9.5126981735229492,-7.3129286766052246,0.0000000000000000,11.9910287857055664
0.0000000000000000,0.0000000000000000,0.0000000000000000,0.0000000000000000,0.0000000000000000,0.0000000000000000,0.0000000000000000,0.0000000000000000,0.0000000000000000,0.0000000000000000,0.0000000000000000,0.0000000000000000,0.0000000000000000,0.0000000000000000,0.0000000000000000,0.0000000000000000,0.0000000000000000,0.0000000000000000,0.0000000000000000,0.0000000000000000,0.0000000000000000,0.0000000000000000,0.0000000000000000,0.0000000000000000,0.0000000000000000,0.0000000000000000,0.0000000000000000,0.0000000000000000,0.0000000000000000,0.0000000000000000,0.0000000000000000,0.0000000000000000,,,,,,,,,,,,,,,,,,,,,,,,,,,,,,,,
0.0000000000000000,0.0000000000000000,0.0000000000000000,0.0000000000000000,0.0000000000000000,0.0000000000000000,0.0000000000000000,0.0000000000000000,0.0000000000000000,0.0000000000000000,0.0000000000000000,0.0000000000000000,0.0000000000000000,0.0000000000000000,0.0000000000000000,0.0000000000000000,0.0000000000000000,0.0000000000000000,0.0000000000000000,0.0000000000000000,0.0000000000000000,0.0000000000000000,0.0000000000000000,0.0000000000000000,0.0000000000000000,0.0000000000000000,0.0000000000000000,0.0000000000000000,0.0000000000000000,0.0000000000000000,0.0000000000000000,0.0000000000000000,,,,,,,,,,,,,,,,,,,,,,,,,,,,,,,,
0.0000000000000000,0.0000000000000000,0.0000000000000000,0.0000000000000000,0.0000000000000000,0.0000000000000000,0.0000000000000000,0.0000000000000000,0.0000000000000000,0.0000000000000000,0.0000000000000000,0.0000000000000000,0.0000000000000000,0.0000000000000000,0.0000000000000000,0.0000000000000000,0.0000000000000000,0.0000000000000000,0.0000000000000000,0.0000000000000000,0.0000000000000000,0.0000000000000000,0.0000000000000000,0.0000000000000000,0.0000000000000000,0.0000000000000000,0.0000000000000000,0.0000000000000000,0.0000000000000000,0.0000000000000000,0.0000000000000000,0.0000000000000000,,,,,,,,,,,,,,,,,,,,,,,,,,,,,,,,
0.0000000000000000,0.0000000000000000,0.0000000000000000,0.0000000000000000,0.0000000000000000,0.0000000000000000,0.0000000000000000,0.0000000000000000,0.0000000000000000,0.0000000000000000,0.0000000000000000,0.0000000000000000,0.0000000000000000,0.0000000000000000,0.0000000000000000,0.0000000000000000,0.0000000000000000,0.0000000000000000,0.0000000000000000,0.0000000000000000,0.0000000000000000,0.0000000000000000,0.0000000000000000,0.0000000000000000,0.0000000000000000,0.0000000000000000,0.0000000000000000,0.0000000000000000,0.0000000000000000,0.0000000000000000,0.0000000000000000,0.0000000000000000,,,,,,,,,,,,,,,,,,,,,,,,,,,,,,,,
0.0000000000000000,0.0000000000000000,0.0000000000000000,0.0000000000000000,0.0000000000000000,0.0000000000000000,0.0000000000000000,0.0000000000000000,0.0000000000000000,0.0000000000000000,0.0000000000000000,0.0000000000000000,0.0000000000000000,0.0000000000000000,0.0000000000000000,0.0000000000000000,0.0000000000000000,0.0000000000000000,0.0000000000000000,0.0000000000000000,0.0000000000000000,0.0000000000000000,0.0000000000000000,0.0000000000000000,0.0000000000000000,0.0000000000000000,0.0000000000000000,0.0000000000000000,0.0000000000000000,0.0000000000000000,0.0000000000000000,0.0000000000000000,,,,,,,,,,,,,,,,,,,,,,,,,,,,,,,,
5.9067287445068359,-3.2316117286682129,4.9992418289184570,-3.0852398872375488,0.0000000000000000,0.0000000000000000,0.0000000000000000,0.0000000000000000,2.5981781482696533,4.7478857040405273,0.0000000000000000,-6.0961809158325195,5.1541290283203125,0.0000000000000000,0.0000000000000000,-3.2134659290313721,0.0000000000000000,-1.9480645656585693,4.7334809303283691,0.0000000000000000,-3.3624591827392578,0.0000000000000000,0.0000000000000000,-3.5063028335571289,0.0000000000000000,4.9001269340515137,0.0000000000000000,-2.9063324928283691,0.0000000000000000,3.4608623981475830,0.0000000000000000,2.4304027557373047,,,,,,,,,,,,,,,,,,,,,,,,,,,,,,,,
8.4595270156860352,-4.6282653808593750,7.1598386764526367,-4.4186339378356934,0.0000000000000000,0.0000000000000000,0.0000000000000000,0.0000000000000000,3.7210714817047119,6.7998504638671875,0.0000000000000000,-8.7308578491210938,7.3816652297973633,0.0000000000000000,0.0000000000000000,-4.6022772789001465,0.0000000000000000,-2.7899887561798096,6.7792196273803711,0.0000000000000000,-4.8156633377075195,0.0000000000000000,0.0000000000000000,-5.0216741561889648,0.0000000000000000,7.0178875923156738,0.0000000000000000,-4.1624054908752441,0.0000000000000000,4.9565949440002441,0.0000000000000000,3.4807860851287842,,,,,,,,,,,,,,,,,,,,,,,,,,,,,,,,
12.4572877883911133,-6.8154673576354980,10.5433988571166992,-6.5067696571350098,0.0000000000000000,0.0000000000000000,0.0000000000000000,0.0000000000000000,5.4795565605163574,10.0132894515991211,0.0000000000000000,-12.8568420410156250,10.8700551986694336,0.0000000000000000,0.0000000000000000,-6.7771983146667480,0.0000000000000000,-4.1084671020507812,9.9829082489013672,0.0000000000000000,-7.0914249420166016,0.0000000000000000,0.0000000000000000,-7.3947911262512207,0.0000000000000000,10.3343648910522461,0.0000000000000000,-6.1294536590576172,0.0000000000000000,7.2989573478698730,0.0000000000000000,5.1257185935974121,,,,,,,,,,,,,,,,,,,,,,,,,,,,,,,,
2.8797523975372314,-1.5755323171615601,2.4373185634613037,-1.5041705369949341,0.0000000000000000,0.0000000000000000,0.0000000000000000,0.0000000000000000,1.2667096853256226,2.3147730827331543,0.0000000000000000,-2.9721174240112305,2.5128316879272461,0.0000000000000000,0.0000000000000000,-1.5666855573654175,0.0000000000000000,-0.9497547745704651,2.3077499866485596,0.0000000000000000,-1.6393253803253174,0.0000000000000000,0.0000000000000000,-1.7094545364379883,0.0000000000000000,2.3889961242675781,0.0000000000000000,-1.4169464111328125,0.0000000000000000,1.6873006820678711,0.0000000000000000,1.1849128007888794,,,,,,,,,,,,,,,,,,,,,,,,,,,,,,,,
0.0000000000000000,0.0000000000000000,0.0000000000000000,0.0000000000000000,0.0000000000000000,0.0000000000000000,0.0000000000000000,0.0000000000000000,0.0000000000000000,0.0000000000000000,0.0000000000000000,0.0000000000000000,0.0000000000000000,0.0000000000000000,0.0000000000000000,0.0000000000000000,0.0000000000000000,0.0000000000000000,0.0000000000000000,0.0000000000000000,0.0000000000000000,0.0000000000000000,0.0000000000000000,0.0000000000000000,0.0000000000000000,0.0000000000000000,0.0000000000000000,0.0000000000000000,0.0000000000000000,0.0000000000000000,0.0000000000000000,0.0000000000000000,,,,,,,,,,,,,,,,,,,,,,,,,,,,,,,,
0.0000000000000000,0.0000000000000000,0.0000000000000000,0.0000000000000000,0.0000000000000000,0.0000000000000000,0.0000000000000000,0.0000000000000000,0.0000000000000000,0.0000000000000000,0.0000000000000000,0.0000000000000000,0.0000000000000000,0.0000000000000000,0.0000000000000000,0.0000000000000000,0.0000000000000000,0.0000000000000000,0.0000000000000000,0.0000000000000000,0.0000000000000000,0.0000000000000000,0.0000000000000000,0.0000000000000000,0.0000000000000000,0.0000000000000000,0.0000000000000000,0.0000000000000000,0.0000000000000000,0.0000000000000000,0.0000000000000000,0.0000000000000000,,,,,,,,,,,,,,,,,,,,,,,,,,,,,,,,
0.0000000000000000,0.0000000000000000,0.0000000000000000,0.0000000000000000,0.0000000000000000,0.0000000000000000,0.0000000000000000,0.0000000000000000,0.0000000000000000,0.0000000000000000,0.0000000000000000,0.0000000000000000,0.0000000000000000,0.0000000000000000,0.0000000000000000,0.0000000000000000,0.0000000000000000,0.0000000000000000,0.0000000000000000,0.0000000000000000,0.0000000000000000,0.0000000000000000,0.0000000000000000,0.0000000000000000,0.0000000000000000,0.0000000000000000,0.0000000000000000,0.0000000000000000,0.0000000000000000,0.0000000000000000,0.0000000000000000,0.0000000000000000,,,,,,,,,,,,,,,,,,,,,,,,,,,,,,,,
10.8697690963745117,-5.9469251632690430,9.1997804641723633,-5.6775665283203125,0.0000000000000000,0.0000000000000000,0.0000000000000000,0.0000000000000000,4.7812585830688477,8.7372264862060547,0.0000000000000000,-11.2184057235717773,9.4848079681396484,0.0000000000000000,0.0000000000000000,-5.9135327339172363,0.0000000000000000,-3.5848968029022217,8.7107172012329102,0.0000000000000000,-6.1877155303955078,0.0000000000000000,0.0000000000000000,-6.4524211883544922,0.0000000000000000,9.0173854827880859,0.0000000000000000,-5.3483347892761230,0.0000000000000000,6.3688006401062012,0.0000000000000000,4.4725122451782227,,,,,,,,,,,,,,,,,,,,,,,,,,,,,,,,
11.4401960372924805,-6.2590093612670898,9.6825685501098633,-5.9755158424377441,0.0000000000000000,0.0000000000000000,0.0000000000000000,0.0000000000000000,5.0321707725524902,9.1957406997680664,0.0000000000000000,-11.8071289062500000,9.9825553894042969,0.0000000000000000,0.0000000000000000,-6.2238650321960449,0.0000000000000000,-3.7730259895324707,9.1678409576416016,0.0000000000000000,-6.5124359130859375,0.0000000000000000,0.0000000000000000,-6.7910337448120117,0.0000000000000000,9.4906024932861328,0.0000000000000000,-5.6290063858032227,0.0000000000000000,6.7030243873596191,0.0000000000000000,4.7072224617004395,,,,,,,,,,,,,,,,,,,,,,,,,,,,,,,,
0.0000000000000000,0.0000000000000000,0.0000000000000000,0.0000000000000000,0.0000000000000000,0.0000000000000000,0.0000000000000000,0.0000000000000000,0.0000000000000000,0.0000000000000000,0.0000000000000000,0.0000000000000000,0.0000000000000000,0.0000000000000000,0.0000000000000000,0.0000000000000000,0.0000000000000000,0.0000000000000000,0.0000000000000000,0.0000000000000000,0.0000000000000000,0.0000000000000000,0.0000000000000000,0.0000000000000000,0.0000000000000000,0.0000000000000000,0.0000000000000000,0.0000000000000000,0.0000000000000000,0.0000000000000000,0.0000000000000000,0.0000000000000000,,,,,,,,,,,,,,,,,,,,,,,,,,,,,,,,
0.0000000000000000,0.0000000000000000,0.0000000000000000,0.0000000000000000,0.0000000000000000,0.0000000000000000,0.0000000000000000,0.0000000000000000,0.0000000000000000,0.0000000000000000,0.0000000000000000,0.0000000000000000,0.0000000000000000,0.0000000000000000,0.0000000000000000,0.0000000000000000,0.0000000000000000,0.0000000000000000,0.0000000000000000,0.0000000000000000,0.0000000000000000,0.0000000000000000,0.0000000000000000,0.0000000000000000,0.0000000000000000,0.0000000000000000,0.0000000000000000,0.0000000000000000,0.0000000000000000,0.0000000000000000,0.0000000000000000,0.0000000000000000,,,,,,,,,,,,,,,,,,,,,,,,,,,,,,,,
5.4765396118164062,-2.9962522983551025,4.6351456642150879,-2.8605408668518066,0.0000000000000000,0.0000000000000000,0.0000000000000000,0.0000000000000000,2.4089519977569580,4.4020957946777344,0.0000000000000000,-5.6521940231323242,4.7787518501281738,0.0000000000000000,0.0000000000000000,-2.9794280529022217,0.0000000000000000,-1.8061864376068115,4.3887395858764648,0.0000000000000000,-3.1175701618194580,0.0000000000000000,0.0000000000000000,-3.2509377002716064,0.0000000000000000,4.5432491302490234,0.0000000000000000,-2.6946632862091064,0.0000000000000000,3.2088067531585693,0.0000000000000000,2.2533957958221436,,,,,,,,,,,,,,,,,,,,,,,,,,,,,,,,
2.6968266963958740,-1.4754524230957031,2.2824969291687012,-1.4086236953735352,0.0000000000000000,0.0000000000000000,0.0000000000000000,0.0000000000000000,1.1862466335296631,2.1677355766296387,0.0000000000000000,-2.7833247184753418,2.3532133102416992,0.0000000000000000,0.0000000000000000,-1.4671676158905029,0.0000000000000000,-0.8894250988960266,2.1611585617065430,0.0000000000000000,-1.5351933240890503,0.0000000000000000,0.0000000000000000,-1.6008677482604980,0.0000000000000000,2.2372441291809082,0.0000000000000000,-1.3269401788711548,0.0000000000000000,1.5801211595535278,0.0000000000000000,1.1096456050872803,,,,,,,,,,,,,,,,,,,,,,,,,,,,,,,,
0.2644974291324615,-0.1447083503007889,0.2238610684871674,-0.1381539702415466,0.0000000000000000,0.0000000000000000,0.0000000000000000,0.0000000000000000,0.1163438335061073,0.2126055955886841,0.0000000000000000,-0.2729808986186981,0.2307967543601990,0.0000000000000000,0.0000000000000000,-0.1438958048820496,0.0000000000000000,-0.0872323885560036,0.2119605541229248,0.0000000000000000,-0.1505675762891769,0.0000000000000000,0.0000000000000000,-0.1570087522268295,0.0000000000000000,0.2194227874279022,0.0000000000000000,-0.1301426738500595,0.0000000000000000,0.1549739688634872,0.0000000000000000,0.1088310182094574,,,,,,,,,,,,,,,,,,,,,,,,,,,,,,,,
0.0000000000000000,0.0000000000000000,0.0000000000000000,0.0000000000000000,0.0000000000000000,0.0000000000000000,0.0000000000000000,0.0000000000000000,0.0000000000000000,0.0000000000000000,0.0000000000000000,0.0000000000000000,0.0000000000000000,0.0000000000000000,0.0000000000000000,0.0000000000000000,0.0000000000000000,0.0000000000000000,0.0000000000000000,0.0000000000000000,0.0000000000000000,0.0000000000000000,0.0000000000000000,0.0000000000000000,0.0000000000000000,0.0000000000000000,0.0000000000000000,0.0000000000000000,0.0000000000000000,0.0000000000000000,0.0000000000000000,0.0000000000000000,,,,,,,,,,,,,,,,,,,,,,,,,,,,,,,,
0.0000000000000000,0.0000000000000000,0.0000000000000000,0.0000000000000000,0.0000000000000000,0.0000000000000000,0.0000000000000000,0.0000000000000000,0.0000000000000000,0.0000000000000000,0.0000000000000000,0.0000000000000000,0.0000000000000000,0.0000000000000000,0.0000000000000000,0.0000000000000000,0.0000000000000000,0.0000000000000000,0.0000000000000000,0.0000000000000000,0.0000000000000000,0.0000000000000000,0.0000000000000000,0.0000000000000000,0.0000000000000000,0.0000000000000000,0.0000000000000000,0.0000000000000000,0.0000000000000000,0.0000000000000000,0.0000000000000000,0.0000000000000000,,,,,,,,,,,,,,,,,,,,,,,,,,,,,,,,
0.0000000000000000,0.0000000000000000,0.0000000000000000,0.0000000000000000,0.0000000000000000,0.0000000000000000,0.0000000000000000,0.0000000000000000,0.0000000000000000,0.0000000000000000,0.0000000000000000,0.0000000000000000,0.0000000000000000,0.0000000000000000,0.0000000000000000,0.0000000000000000,0.0000000000000000,0.0000000000000000,0.0000000000000000,0.0000000000000000,0.0000000000000000,0.0000000000000000,0.0000000000000000,0.0000000000000000,0.0000000000000000,0.0000000000000000,0.0000000000000000,0.0000000000000000,0.0000000000000000,0.0000000000000000,0.0000000000000000,0.0000000000000000,,,,,,,,,,,,,,,,,,,,,,,,,,,,,,,,
14.7635879516601562,-8.0772600173950195,12.4953680038452148,-7.7114109992980957,0.0000000000000000,0.0000000000000000,0.0000000000000000,0.0000000000000000,6.4940233230590820,11.8671159744262695,0.0000000000000000,-15.2371149063110352,12.8825006484985352,0.0000000000000000,0.0000000000000000,-8.0319051742553711,0.0000000000000000,-4.8690948486328125,11.8311109542846680,0.0000000000000000,-8.4043073654174805,0.0000000000000000,0.0000000000000000,-8.7638378143310547,0.0000000000000000,12.2476339340209961,0.0000000000000000,-7.2642402648925781,0.0000000000000000,8.6502618789672852,0.0000000000000000,6.0746765136718750,,,,,,,,,,,,,,,,,,,,,,,,,,,,,,,,
0.0000000000000000,0.0000000000000000,0.0000000000000000,0.0000000000000000,0.0000000000000000,0.0000000000000000,0.0000000000000000,0.0000000000000000,0.0000000000000000,0.0000000000000000,0.0000000000000000,0.0000000000000000,0.0000000000000000,0.0000000000000000,0.0000000000000000,0.0000000000000000,0.0000000000000000,0.0000000000000000,0.0000000000000000,0.0000000000000000,0.0000000000000000,0.0000000000000000,0.0000000000000000,0.0000000000000000,0.0000000000000000,0.0000000000000000,0.0000000000000000,0.0000000000000000,0.0000000000000000,0.0000000000000000,0.0000000000000000,0.0000000000000000,,,,,,,,,,,,,,,,,,,,,,,,,,,,,,,,
1.3638586997985840,-0.7461764812469482,1.1543208360671997,-0.7123793363571167,0.0000000000000000,0.0000000000000000,0.0000000000000000,0.0000000000000000,0.5999172329902649,1.0962829589843750,0.0000000000000000,-1.4076031446456909,1.1900840997695923,0.0000000000000000,0.0000000000000000,-0.7419866323471069,0.0000000000000000,-0.4498065114021301,1.0929567813873291,0.0000000000000000,-0.7763890624046326,0.0000000000000000,0.0000000000000000,-0.8096024394035339,0.0000000000000000,1.1314352750778198,0.0000000000000000,-0.6710697412490845,0.0000000000000000,0.7991102933883667,0.0000000000000000,0.5611780285835266,,,,,,,,,,,,,,,,,,,,,,,,,,,,,,,,
0.0000000000000000,0.0000000000000000,0.0000000000000000,0.0000000000000000,0.0000000000000000,0.0000000000000000,0.0000000000000000,0.0000000000000000,0.0000000000000000,0.0000000000000000,0.0000000000000000,0.0000000000000000,0.0000000000000000,0.0000000000000000,0.0000000000000000,0.0000000000000000,0.0000000000000000,0.0000000000000000,0.0000000000000000,0.0000000000000000,0.0000000000000000,0.0000000000000000,0.0000000000000000,0.0000000000000000,0.0000000000000000,0.0000000000000000,0.0000000000000000,0.0000000000000000,0.0000000000000000,0.0000000000000000,0.0000000000000000,0.0000000000000000,,,,,,,,,,,,,,,,,,,,,,,,,,,,,,,,
2.1684734821319580,-1.1863867044448853,1.8353177309036255,-1.1326508522033691,0.0000000000000000,0.0000000000000000,0.0000000000000000,0.0000000000000000,0.9538410902023315,1.7430400848388672,0.0000000000000000,-2.2380249500274658,1.8921796083450317,0.0000000000000000,0.0000000000000000,-1.1797250509262085,0.0000000000000000,-0.7151719331741333,1.7377516031265259,0.0000000000000000,-1.2344233989715576,0.0000000000000000,0.0000000000000000,-1.2872310876846313,0.0000000000000000,1.7989306449890137,0.0000000000000000,-1.0669704675674438,0.0000000000000000,1.2705490589141846,0.0000000000000000,0.8922475576400757,,,,,,,,,,,,,,,,,,,,,,,,,,,,,,,,
0.0000000000000000,0.0000000000000000,0.0000000000000000,0.0000000000000000,0.0000000000000000,0.0000000000000000,0.0000000000000000,0.0000000000000000,0.0000000000000000,0.0000000000000000,0.0000000000000000,0.0000000000000000,0.0000000000000000,0.0000000000000000,0.0000000000000000,0.0000000000000000,0.0000000000000000,0.0000000000000000,0.0000000000000000,0.0000000000000000,0.0000000000000000,0.0000000000000000,0.0000000000000000,0.0000000000000000,0.0000000000000000,0.0000000000000000,0.0000000000000000,0.0000000000000000,0.0000000000000000,0.0000000000000000,0.0000000000000000,0.0000000000000000,,,,,,,,,,,,,,,,,,,,,,,,,,,,,,,,
5.6389932632446289,-3.0851318836212158,4.7726407051086426,-2.9453949928283691,0.0000000000000000,0.0000000000000000,0.0000000000000000,0.0000000000000000,2.4804103374481201,4.5326781272888184,0.0000000000000000,-5.8198585510253906,4.9205069541931152,0.0000000000000000,0.0000000000000000,-3.0678088665008545,0.0000000000000000,-1.8597644567489624,4.5189256668090820,0.0000000000000000,-3.2100486755371094,0.0000000000000000,0.0000000000000000,-3.3473722934722900,0.0000000000000000,4.6780180931091309,0.0000000000000000,-2.7745966911315918,0.0000000000000000,3.3039915561676025,0.0000000000000000,2.3202395439147949,,,,,,,,,,,,,,,,,,,,,,,,,,,,,,,,
0.0000000000000000,0.0000000000000000,0.0000000000000000,0.0000000000000000,0.0000000000000000,0.0000000000000000,0.0000000000000000,0.0000000000000000,0.0000000000000000,0.0000000000000000,0.0000000000000000,0.0000000000000000,0.0000000000000000,0.0000000000000000,0.0000000000000000,0.0000000000000000,0.0000000000000000,0.0000000000000000,0.0000000000000000,0.0000000000000000,0.0000000000000000,0.0000000000000000,0.0000000000000000,0.0000000000000000,0.0000000000000000,0.0000000000000000,0.0000000000000000,0.0000000000000000,0.0000000000000000,0.0000000000000000,0.0000000000000000,0.0000000000000000,,,,,,,,,,,,,,,,,,,,,,,,,,,,,,,,
0.0000000000000000,0.0000000000000000,0.0000000000000000,0.0000000000000000,0.0000000000000000,0.0000000000000000,0.0000000000000000,0.0000000000000000,0.0000000000000000,0.0000000000000000,0.0000000000000000,0.0000000000000000,0.0000000000000000,0.0000000000000000,0.0000000000000000,0.0000000000000000,0.0000000000000000,0.0000000000000000,0.0000000000000000,0.0000000000000000,0.0000000000000000,0.0000000000000000,0.0000000000000000,0.0000000000000000,0.0000000000000000,0.0000000000000000,0.0000000000000000,0.0000000000000000,0.0000000000000000,0.0000000000000000,0.0000000000000000,0.0000000000000000,,,,,,,,,,,,,,,,,,,,,,,,,,,,,,,,
0.0000000000000000,0.0000000000000000,0.0000000000000000,0.0000000000000000,0.0000000000000000,0.0000000000000000,0.0000000000000000,0.0000000000000000,0.0000000000000000,0.0000000000000000,0.0000000000000000,0.0000000000000000,0.0000000000000000,0.0000000000000000,0.0000000000000000,0.0000000000000000,0.0000000000000000,0.0000000000000000,0.0000000000000000,0.0000000000000000,0.0000000000000000,0.0000000000000000,0.0000000000000000,0.0000000000000000,0.0000000000000000,0.0000000000000000,0.0000000000000000,0.0000000000000000,0.0000000000000000,0.0000000000000000,0.0000000000000000,0.0000000000000000,,,,,,,,,,,,,,,,,,,,,,,,,,,,,,,,
3.7310686111450195,-2.0412931442260742,3.1578419208526611,-1.9488354921340942,0.0000000000000000,0.0000000000000000,0.0000000000000000,0.0000000000000000,1.6411759853363037,2.9990692138671875,0.0000000000000000,-3.8507387638092041,3.2556784152984619,0.0000000000000000,0.0000000000000000,-2.0298311710357666,0.0000000000000000,-1.2305225133895874,2.9899699687957764,0.0000000000000000,-2.1239449977874756,0.0000000000000000,0.0000000000000000,-2.2148058414459229,0.0000000000000000,3.0952343940734863,0.0000000000000000,-1.8358260393142700,0.0000000000000000,2.1861026287078857,0.0000000000000000,1.5351983308792114,,,,,,,,,,,,,,,,,,,,,,,,,,,,,,,,
0.0000000000000000,0.0000000000000000,0.0000000000000000,0.0000000000000000,0.0000000000000000,0.0000000000000000,0.0000000000000000,0.0000000000000000,0.0000000000000000,0.0000000000000000,0.0000000000000000,0.0000000000000000,0.0000000000000000,0.0000000000000000,0.0000000000000000,0.0000000000000000,0.0000000000000000,0.0000000000000000,0.0000000000000000,0.0000000000000000,0.0000000000000000,0.0000000000000000,0.0000000000000000,0.0000000000000000,0.0000000000000000,0.0000000000000000,0.0000000000000000,0.0000000000000000,0.0000000000000000,0.0000000000000000,0.0000000000000000,0.0000000000000000,,,,,,,,,,,,,,,,,,,,,,,,,,,,,,,,
0.0000000000000000,0.0000000000000000,0.0000000000000000,0.0000000000000000,0.0000000000000000,0.0000000000000000,0.0000000000000000,0.0000000000000000,0.0000000000000000,0.0000000000000000,0.0000000000000000,0.0000000000000000,0.0000000000000000,0.0000000000000000,0.0000000000000000,0.0000000000000000,0.0000000000000000,0.0000000000000000,0.0000000000000000,0.0000000000000000,0.0000000000000000,0.0000000000000000,0.0000000000000000,0.0000000000000000,0.0000000000000000,0.0000000000000000,0.0000000000000000,0.0000000000000000,0.0000000000000000,0.0000000000000000,0.0000000000000000,0.0000000000000000,,,,,,,,,,,,,,,,,,,,,,,,,,,,,,,,
0.0000000000000000,0.0000000000000000,0.0000000000000000,0.0000000000000000,0.0000000000000000,0.0000000000000000,0.0000000000000000,0.0000000000000000,0.0000000000000000,0.0000000000000000,0.0000000000000000,0.0000000000000000,0.0000000000000000,0.0000000000000000,0.0000000000000000,0.0000000000000000,0.0000000000000000,0.0000000000000000,0.0000000000000000,0.0000000000000000,0.0000000000000000,0.0000000000000000,0.0000000000000000,0.0000000000000000,0.0000000000000000,0.0000000000000000,0.0000000000000000,0.0000000000000000,0.0000000000000000,0.0000000000000000,0.0000000000000000,0.0000000000000000,,,,,,,,,,,,,,,,,,,,,,,,,,,,,,,,
0.0000000000000000,0.0000000000000000,0.0000000000000000,0.0000000000000000,0.0000000000000000,0.0000000000000000,0.0000000000000000,0.0000000000000000,0.0000000000000000,0.0000000000000000,0.0000000000000000,0.0000000000000000,0.0000000000000000,0.0000000000000000,0.0000000000000000,0.0000000000000000,0.0000000000000000,0.0000000000000000,0.0000000000000000,0.0000000000000000,0.0000000000000000,0.0000000000000000,0.0000000000000000,0.0000000000000000,0.0000000000000000,0.0000000000000000,0.0000000000000000,0.0000000000000000,0.0000000000000000,0.0000000000000000,0.0000000000000000,0.0000000000000000,,,,,,,,,,,,,,,,,,,,,,,,,,,,,,,,
11.4681377410888672,-6.2742972373962402,9.7062187194824219,-5.9901108741760254,0.0000000000000000,0.0000000000000000,0.0000000000000000,0.0000000000000000,5.0444617271423340,9.2182016372680664,0.0000000000000000,-11.8359670639038086,10.0069370269775391,0.0000000000000000,0.0000000000000000,-6.2390666007995605,0.0000000000000000,-3.7822415828704834,9.1902332305908203,0.0000000000000000,-6.5283427238464355,0.0000000000000000,0.0000000000000000,-6.8076205253601074,0.0000000000000000,9.5137825012207031,0.0000000000000000,-5.6427550315856934,0.0000000000000000,6.7193961143493652,0.0000000000000000,4.7187194824218750,,,,,,,,,,,,,,,,,,,,,,,,,,,,,,,,
5.3924822807312012,-2.9502639770507812,4.5640020370483398,-2.8166356086730957,0.0000000000000000,0.0000000000000000,0.0000000000000000,0.0000000000000000,2.3719778060913086,4.3345298767089844,0.0000000000000000,-5.5654406547546387,4.7054047584533691,0.0000000000000000,0.0000000000000000,-2.9336979389190674,0.0000000000000000,-1.7784639596939087,4.3213787078857422,0.0000000000000000,-3.0697197914123535,0.0000000000000000,0.0000000000000000,-3.2010402679443359,0.0000000000000000,4.4735164642333984,0.0000000000000000,-2.6533038616180420,0.0000000000000000,3.1595559120178223,0.0000000000000000,2.2188091278076172,,,,,,,,,,,,,,,,,,,,,,,,,,,,,,,,
0.0000000000000000,0.0000000000000000,0.0000000000000000,0.0000000000000000,0.0000000000000000,0.0000000000000000,0.0000000000000000,0.0000000000000000,0.0000000000000000,0.0000000000000000,0.0000000000000000,0.0000000000000000,0.0000000000000000,0.0000000000000000,0.0000000000000000,0.0000000000000000,0.0000000000000000,0.0000000000000000,0.0000000000000000,0.0000000000000000,0.0000000000000000,0.0000000000000000,0.0000000000000000,0.0000000000000000,0.0000000000000000,0.0000000000000000,0.0000000000000000,0.0000000000000000,0.0000000000000000,0.0000000000000000,0.0000000000000000,0.0000000000000000,,,,,,,,,,,,,,,,,,,,,,,,,,,,,,,,
0.0000000000000000,0.0000000000000000,0.0000000000000000,0.0000000000000000,0.0000000000000000,0.0000000000000000,0.0000000000000000,0.0000000000000000,0.0000000000000000,0.0000000000000000,0.0000000000000000,0.0000000000000000,0.0000000000000000,0.0000000000000000,0.0000000000000000,0.0000000000000000,0.0000000000000000,0.0000000000000000,0.0000000000000000,0.0000000000000000,0.0000000000000000,0.0000000000000000,0.0000000000000000,0.0000000000000000,0.0000000000000000,0.0000000000000000,0.0000000000000000,0.0000000000000000,0.0000000000000000,0.0000000000000000,0.0000000000000000,0.0000000000000000,,,,,,,,,,,,,,,,,,,,,,,,,,,,,,,,
9.7238740921020508,-5.3199982643127441,8.2299365997314453,-5.0790357589721680,0.0000000000000000,0.0000000000000000,0.0000000000000000,0.0000000000000000,4.2772169113159180,7.8161449432373047,0.0000000000000000,-10.0357570648193359,8.4849166870117188,0.0000000000000000,0.0000000000000000,-5.2901258468627930,0.0000000000000000,-3.2069756984710693,7.7924304008483887,0.0000000000000000,-5.5354042053222656,0.0000000000000000,0.0000000000000000,-5.7722048759460449,0.0000000000000000,8.0667695999145508,0.0000000000000000,-4.7845115661621094,0.0000000000000000,5.6973991394042969,0.0000000000000000,4.0010185241699219,,,,,,,,,,,,,,,,,,,,,,,,,,,,,,,,
18.4322128295898438,-10.0843896865844727,15.6003599166870117,-9.6276302337646484,0.0000000000000000,0.0000000000000000,0.0000000000000000,0.0000000000000000,8.1077318191528320,14.8159923553466797,0.0000000000000000,-19.0234069824218750,16.0836906433105469,0.0000000000000000,0.0000000000000000,-10.0277652740478516,0.0000000000000000,-6.0790233612060547,14.7710399627685547,0.0000000000000000,-10.4927053451538086,0.0000000000000000,0.0000000000000000,-10.9415760040283203,0.0000000000000000,15.2910661697387695,0.0000000000000000,-9.0693416595458984,0.0000000000000000,10.7997770309448242,0.0000000000000000,7.5841813087463379,,,,,,,,,,,,,,,,,,,,,,,,,,,,,,,,
0.6222476363182068,-0.3404359519481659,0.5266479849815369,-0.3250163495540619,0.0000000000000000,0.0000000000000000,0.0000000000000000,0.0000000000000000,0.2737065553665161,0.5001687407493591,0.0000000000000000,-0.6422055959701538,0.5429646372795105,0.0000000000000000,0.0000000000000000,-0.3385244011878967,0.0000000000000000,-0.2052199691534042,0.4986512064933777,0.0000000000000000,-0.3542201817035675,0.0000000000000000,0.0000000000000000,-0.3693734705448151,0.0000000000000000,0.5162066221237183,0.0000000000000000,-0.3061692416667938,0.0000000000000000,0.3645865023136139,0.0000000000000000,0.2560321688652039,,,,,,,,,,,,,,,,,,,,,,,,,,,,,,,,
0.0000000000000000,0.0000000000000000,0.0000000000000000,0.0000000000000000,0.0000000000000000,0.0000000000000000,0.0000000000000000,0.0000000000000000,0.0000000000000000,0.0000000000000000,0.0000000000000000,0.0000000000000000,0.0000000000000000,0.0000000000000000,0.0000000000000000,0.0000000000000000,0.0000000000000000,0.0000000000000000,0.0000000000000000,0.0000000000000000,0.0000000000000000,0.0000000000000000,0.0000000000000000,0.0000000000000000,0.0000000000000000,0.0000000000000000,0.0000000000000000,0.0000000000000000,0.0000000000000000,0.0000000000000000,0.0000000000000000,0.0000000000000000,,,,,,,,,,,,,,,,,,,,,,,,,,,,,,,,
0.0000000000000000,0.0000000000000000,0.0000000000000000,0.0000000000000000,0.0000000000000000,0.0000000000000000,0.0000000000000000,0.0000000000000000,0.0000000000000000,0.0000000000000000,0.0000000000000000,0.0000000000000000,0.0000000000000000,0.0000000000000000,0.0000000000000000,0.0000000000000000,0.0000000000000000,0.0000000000000000,0.0000000000000000,0.0000000000000000,0.0000000000000000,0.0000000000000000,0.0000000000000000,0.0000000000000000,0.0000000000000000,0.0000000000000000,0.0000000000000000,0.0000000000000000,0.0000000000000000,0.0000000000000000,0.0000000000000000,0.0000000000000000,,,,,,,,,,,,,,,,,,,,,,,,,,,,,,,,
0.0000000000000000,0.0000000000000000,0.0000000000000000,0.0000000000000000,0.0000000000000000,0.0000000000000000,0.0000000000000000,0.0000000000000000,0.0000000000000000,0.0000000000000000,0.0000000000000000,0.0000000000000000,0.0000000000000000,0.0000000000000000,0.0000000000000000,0.0000000000000000,0.0000000000000000,0.0000000000000000,0.0000000000000000,0.0000000000000000,0.0000000000000000,0.0000000000000000,0.0000000000000000,0.0000000000000000,0.0000000000000000,0.0000000000000000,0.0000000000000000,0.0000000000000000,0.0000000000000000,0.0000000000000000,0.0000000000000000,0.0000000000000000,,,,,,,,,,,,,,,,,,,,,,,,,,,,,,,,
12.6901073455810547,-6.9428448677062988,10.7404489517211914,-6.6283774375915527,0.0000000000000000,0.0000000000000000,0.0000000000000000,0.0000000000000000,5.5819664001464844,10.2004318237304688,0.0000000000000000,-13.0971298217773438,11.0732107162475586,0.0000000000000000,0.0000000000000000,-6.9038600921630859,0.0000000000000000,-4.1852521896362305,10.1694831848144531,0.0000000000000000,-7.2239594459533691,0.0000000000000000,0.0000000000000000,-7.5329957008361816,0.0000000000000000,10.5275087356567383,0.0000000000000000,-6.2440099716186523,0.0000000000000000,7.4353709220886230,0.0000000000000000,5.2215151786804199,,,,,,,,,,,,,,,,,,,,,,,,,,,,,,,,
0.0000000000000000,0.0000000000000000,0.0000000000000000,0.0000000000000000,0.0000000000000000,0.0000000000000000,0.0000000000000000,0.0000000000000000,0.0000000000000000,0.0000000000000000,0.0000000000000000,0.0000000000000000,0.0000000000000000,0.0000000000000000,0.0000000000000000,0.0000000000000000,0.0000000000000000,0.0000000000000000,0.0000000000000000,0.0000000000000000,0.0000000000000000,0.0000000000000000,0.0000000000000000,0.0000000000000000,0.0000000000000000,0.0000000000000000,0.0000000000000000,0.0000000000000000,0.0000000000000000,0.0000000000000000,0.0000000000000000,0.0000000000000000,,,,,,,,,,,,,,,,,,,,,,,,,,,,,,,,
0.7057749032974243,-0.3861342966556549,0.5973424315452576,-0.3686448335647583,0.0000000000000000,0.0000000000000000,0.0000000000000000,0.0000000000000000,0.3104474842548370,0.5673087239265442,0.0000000000000000,-0.7284119129180908,0.6158493161201477,0.0000000000000000,0.0000000000000000,-0.3839661180973053,0.0000000000000000,-0.2327676117420197,0.5655875205993652,0.0000000000000000,-0.4017688035964966,0.0000000000000000,0.0000000000000000,-0.4189562201499939,0.0000000000000000,0.5854994654655457,0.0000000000000000,-0.3472677767276764,0.0000000000000000,0.4135266840457916,0.0000000000000000,0.2904005646705627,,,,,,,,,,,,,,,,,,,,,,,,,,,,,,,,
7.5001401901245117,-4.1033782958984375,6.3478484153747559,-3.9175209999084473,0.0000000000000000,0.0000000000000000,0.0000000000000000,0.0000000000000000,3.2990684509277344,6.0286860466003418,0.0000000000000000,-7.7406997680664062,6.5445179939270020,0.0000000000000000,0.0000000000000000,-4.0803375244140625,0.0000000000000000,-2.4735786914825439,6.0103945732116699,0.0000000000000000,-4.2695236206054688,0.0000000000000000,0.0000000000000000,-4.4521708488464355,0.0000000000000000,6.2219958305358887,0.0000000000000000,-3.6903510093688965,0.0000000000000000,4.3944721221923828,0.0000000000000000,3.0860335826873779,,,,,,,,,,,,,,,,,,,,,,,,,,,,,,,,
14.1804590225219727,-7.7582263946533203,12.0018291473388672,-7.4068274497985840,0.0000000000000000,0.0000000000000000,0.0000000000000000,0.0000000000000000,6.2375240325927734,11.3983907699584961,0.0000000000000000,-14.6352825164794922,12.3736705780029297,0.0000000000000000,0.0000000000000000,-7.7146635055541992,0.0000000000000000,-4.6767768859863281,11.3638086318969727,0.0000000000000000,-8.0723562240600586,0.0000000000000000,0.0000000000000000,-8.4176855087280273,0.0000000000000000,11.7638807296752930,0.0000000000000000,-6.9773187637329102,0.0000000000000000,8.3085956573486328,0.0000000000000000,5.8347406387329102,,,,,,,,,,,,,,,,,,,,,,,,,,,,,,,,
0.0000000000000000,0.0000000000000000,0.0000000000000000,0.0000000000000000,0.0000000000000000,0.0000000000000000,0.0000000000000000,0.0000000000000000,0.0000000000000000,0.0000000000000000,0.0000000000000000,0.0000000000000000,0.0000000000000000,0.0000000000000000,0.0000000000000000,0.0000000000000000,0.0000000000000000,0.0000000000000000,0.0000000000000000,0.0000000000000000,0.0000000000000000,0.0000000000000000,0.0000000000000000,0.0000000000000000,0.0000000000000000,0.0000000000000000,0.0000000000000000,0.0000000000000000,0.0000000000000000,0.0000000000000000,0.0000000000000000,0.0000000000000000,,,,,,,,,,,,,,,,,,,,,,,,,,,,,,,,
0.0000000000000000,0.0000000000000000,0.0000000000000000,0.0000000000000000,0.0000000000000000,0.0000000000000000,0.0000000000000000,0.0000000000000000,0.0000000000000000,0.0000000000000000,0.0000000000000000,0.0000000000000000,0.0000000000000000,0.0000000000000000,0.0000000000000000,0.0000000000000000,0.0000000000000000,0.0000000000000000,0.0000000000000000,0.0000000000000000,0.0000000000000000,0.0000000000000000,0.0000000000000000,0.0000000000000000,0.0000000000000000,0.0000000000000000,0.0000000000000000,0.0000000000000000,0.0000000000000000,0.0000000000000000,0.0000000000000000,0.0000000000000000,,,,,,,,,,,,,,,,,,,,,,,,,,,,,,,,
0.0000000000000000,0.0000000000000000,0.0000000000000000,0.0000000000000000,0.0000000000000000,0.0000000000000000,0.0000000000000000,0.0000000000000000,0.0000000000000000,0.0000000000000000,0.0000000000000000,0.0000000000000000,0.0000000000000000,0.0000000000000000,0.0000000000000000,0.0000000000000000,0.0000000000000000,0.0000000000000000,0.0000000000000000,0.0000000000000000,0.0000000000000000,0.0000000000000000,0.0000000000000000,0.0000000000000000,0.0000000000000000,0.0000000000000000,0.0000000000000000,0.0000000000000000,0.0000000000000000,0.0000000000000000,0.0000000000000000,0.0000000000000000,,,,,,,,,,,,,,,,,,,,,,,,,,,,,,,,
0.0000000000000000,0.0000000000000000,0.0000000000000000,0.0000000000000000,0.0000000000000000,0.0000000000000000,0.0000000000000000,0.0000000000000000,0.0000000000000000,0.0000000000000000,0.0000000000000000,0.0000000000000000,0.0000000000000000,0.0000000000000000,0.0000000000000000,0.0000000000000000,0.0000000000000000,0.0000000000000000,0.0000000000000000,0.0000000000000000,0.0000000000000000,0.0000000000000000,0.0000000000000000,0.0000000000000000,0.0000000000000000,0.0000000000000000,0.0000000000000000,0.0000000000000000,0.0000000000000000,0.0000000000000000,0.0000000000000000,0.0000000000000000,,,,,,,,,,,,,,,,,,,,,,,,,,,,,,,,
0.0000000000000000,0.0000000000000000,0.0000000000000000,0.0000000000000000,0.0000000000000000,0.0000000000000000,0.0000000000000000,0.0000000000000000,0.0000000000000000,0.0000000000000000,0.0000000000000000,0.0000000000000000,0.0000000000000000,0.0000000000000000,0.0000000000000000,0.0000000000000000,0.0000000000000000,0.0000000000000000,0.0000000000000000,0.0000000000000000,0.0000000000000000,0.0000000000000000,0.0000000000000000,0.0000000000000000,0.0000000000000000,0.0000000000000000,0.0000000000000000,0.0000000000000000,0.0000000000000000,0.0000000000000000,0.0000000000000000,0.0000000000000000,,,,,,,,,,,,,,,,,,,,,,,,,,,,,,,,
8.5808238983154297,-4.6946277618408203,7.2624998092651367,-4.4819903373718262,0.0000000000000000,0.0000000000000000,0.0000000000000000,0.0000000000000000,3.7744259834289551,6.8973498344421387,0.0000000000000000,-8.8560447692871094,7.4875073432922363,0.0000000000000000,0.0000000000000000,-4.6682667732238770,0.0000000000000000,-2.8299927711486816,6.8764233589172363,0.0000000000000000,-4.8847126960754395,0.0000000000000000,0.0000000000000000,-5.0936770439147949,0.0000000000000000,7.1185131072998047,0.0000000000000000,-4.2220878601074219,0.0000000000000000,5.0276651382446289,0.0000000000000000,3.5306954383850098,,,,,,,,,,,,,,,,,,,,,,,,,,,,,,,,
0.0000000000000000,0.0000000000000000,0.0000000000000000,0.0000000000000000,0.0000000000000000,0.0000000000000000,0.0000000000000000,0.0000000000000000,0.0000000000000000,0.0000000000000000,0.0000000000000000,0.0000000000000000,0.0000000000000000,0.0000000000000000,0.0000000000000000,0.0000000000000000,0.0000000000000000,0.0000000000000000,0.0000000000000000,0.0000000000000000,0.0000000000000000,0.0000000000000000,0.0000000000000000,0.0000000000000000,0.0000000000000000,0.0000000000000000,0.0000000000000000,0.0000000000000000,0.0000000000000000,0.0000000000000000,0.0000000000000000,0.0000000000000000,,,,,,,,,,,,,,,,,,,,,,,,,,,,,,,,
0.0000000000000000,0.0000000000000000,0.0000000000000000,0.0000000000000000,0.0000000000000000,0.0000000000000000,0.0000000000000000,0.0000000000000000,0.0000000000000000,0.0000000000000000,0.0000000000000000,0.0000000000000000,0.0000000000000000,0.0000000000000000,0.0000000000000000,0.0000000000000000,0.0000000000000000,0.0000000000000000,0.0000000000000000,0.0000000000000000,0.0000000000000000,0.0000000000000000,0.0000000000000000,0.0000000000000000,0.0000000000000000,0.0000000000000000,0.0000000000000000,0.0000000000000000,0.0000000000000000,0.0000000000000000,0.0000000000000000,0.0000000000000000,,,,,,,,,,,,,,,,,,,,,,,,,,,,,,,,
14.6127462387084961,-7.9947333335876465,12.3677005767822266,-7.6326222419738770,0.0000000000000000,0.0000000000000000,0.0000000000000000,0.0000000000000000,6.4276728630065918,11.7458677291870117,0.0000000000000000,-15.0814352035522461,12.7508783340454102,0.0000000000000000,0.0000000000000000,-7.9498424530029297,0.0000000000000000,-4.8193469047546387,11.7102298736572266,0.0000000000000000,-8.3184394836425781,0.0000000000000000,0.0000000000000000,-8.6742963790893555,0.0000000000000000,12.1224985122680664,0.0000000000000000,-7.1900200843811035,0.0000000000000000,8.5618801116943359,0.0000000000000000,6.0126104354858398,,,,,,,,,,,,,,,,,,,,,,,,,,,,,,,,
4.5799984931945801,-2.5057485103607178,3.8763453960418701,-2.3922538757324219,0.0000000000000000,0.0000000000000000,0.0000000000000000,0.0000000000000000,2.0145926475524902,3.6814472675323486,0.0000000000000000,-4.7268972396850586,3.9964425563812256,0.0000000000000000,0.0000000000000000,-2.4916784763336182,0.0000000000000000,-1.5105032920837402,3.6702778339385986,0.0000000000000000,-2.6072058677673340,0.0000000000000000,0.0000000000000000,-2.7187404632568359,0.0000000000000000,3.7994928359985352,0.0000000000000000,-2.2535314559936523,0.0000000000000000,2.6835064888000488,0.0000000000000000,1.8845019340515137,,,,,,,,,,,,,,,,,,,,,,,,,,,,,,,,
0.0000000000000000,0.0000000000000000,0.0000000000000000,0.0000000000000000,0.0000000000000000,0.0000000000000000,0.0000000000000000,0.0000000000000000,0.0000000000000000,0.0000000000000000,0.0000000000000000,0.0000000000000000,0.0000000000000000,0.0000000000000000,0.0000000000000000,0.0000000000000000,0.0000000000000000,0.0000000000000000,0.0000000000000000,0.0000000000000000,0.0000000000000000,0.0000000000000000,0.0000000000000000,0.0000000000000000,0.0000000000000000,0.0000000000000000,0.0000000000000000,0.0000000000000000,0.0000000000000000,0.0000000000000000,0.0000000000000000,0.0000000000000000,,,,,,,,,,,,,,,,,,,,,,,,,,,,,,,,
10.0208759307861328,-5.4824900627136230,8.4813079833984375,-5.2341675758361816,0.0000000000000000,0.0000000000000000,0.0000000000000000,0.0000000000000000,4.4078583717346191,8.0548782348632812,0.0000000000000000,-10.3422861099243164,8.7440767288208008,0.0000000000000000,0.0000000000000000,-5.4517054557800293,0.0000000000000000,-3.3049283027648926,8.0304393768310547,0.0000000000000000,-5.7044754028320312,0.0000000000000000,0.0000000000000000,-5.9485087394714355,0.0000000000000000,8.3131570816040039,0.0000000000000000,-4.9306478500366211,0.0000000000000000,5.8714184761047363,0.0000000000000000,4.1232242584228516,,,,,,,,,,,,,,,,,,,,,,,,,,,,,,,,
7.3835315704345703,15.7983598709106445,1.0015981197357178,0.0000000000000000,-8.4526367187500000,8.0246744155883789,10.4096269607543945,0.0000000000000000,11.0220823287963867,-2.6156964302062988,-4.2766261100769043,0.0000000000000000,-4.2390756607055664,-9.3867034912109375,11.5870876312255859,-4.3831286430358887,,,,,,,,,,,,,,,,,,,,,,,,,,,,,,,,,,,,,,,,,,,,,,,,
2.1410305500030518,4.5811100006103516,0.2904372215270996,0.0000000000000000,-2.4510428905487061,2.3269450664520264,3.0185189247131348,0.0000000000000000,3.1961147785186768,-0.7584834098815918,-1.2401093244552612,0.0000000000000000,-1.2292208671569824,-2.7218980789184570,3.3599517345428467,-1.2709923982620239,,,,,,,,,,,,,,,,,,,,,,,,,,,,,,,,,,,,,,,,,,,,,,,,
11.8744249343872070,25.4074134826660156,1.6108013391494751,0.0000000000000000,-13.5937929153442383,12.9055309295654297,16.7410850524902344,0.0000000000000000,17.7260551452636719,-4.2066445350646973,-6.8778028488159180,0.0000000000000000,-6.8174133300781250,-15.0959892272949219,18.6347160339355469,-7.0490837097167969,,,,,,,,,,,,,,,,,,,,,,,,,,,,,,,,,,,,,,,,,,,,,,,,
1.4851758480072021,3.1777942180633545,0.2014685571193695,0.0000000000000000,-1.7002232074737549,1.6141397953033447,2.0938661098480225,0.0000000000000000,2.2170596122741699,-0.5261397361755371,-0.8602308630943298,0.0000000000000000,-0.8526777625083923,-1.8881081342697144,2.3307089805603027,-0.8816536068916321,,,,,,,,,,,,,,,,,,,,,,,,,,,,,,,,,,,,,,,,,,,,,,,,
0.0000000000000000,0.0000000000000000,0.0000000000000000,0.0000000000000000,0.0000000000000000,0.0000000000000000,0.0000000000000000,0.0000000000000000,0.0000000000000000,0.0000000000000000,0.0000000000000000,0.0000000000000000,0.0000000000000000,0.0000000000000000,0.0000000000000000,0.0000000000000000,,,,,,,,,,,,,,,,,,,,,,,,,,,,,,,,,,,,,,,,,,,,,,,,
0.0000000000000000,0.0000000000000000,0.0000000000000000,0.0000000000000000,0.0000000000000000,0.0000000000000000,0.0000000000000000,0.0000000000000000,0.0000000000000000,0.0000000000000000,0.0000000000000000,0.0000000000000000,0.0000000000000000,0.0000000000000000,0.0000000000000000,0.0000000000000000,,,,,,,,,,,,,,,,,,,,,,,,,,,,,,,,,,,,,,,,,,,,,,,,
0.0000000000000000,0.0000000000000000,0.0000000000000000,0.0000000000000000,0.0000000000000000,0.0000000000000000,0.0000000000000000,0.0000000000000000,0.0000000000000000,0.0000000000000000,0.0000000000000000,0.0000000000000000,0.0000000000000000,0.0000000000000000,0.0000000000000000,0.0000000000000000,,,,,,,,,,,,,,,,,,,,,,,,,,,,,,,,,,,,,,,,,,,,,,,,
0.0000000000000000,0.0000000000000000,0.0000000000000000,0.0000000000000000,0.0000000000000000,0.0000000000000000,0.0000000000000000,0.0000000000000000,0.0000000000000000,0.0000000000000000,0.0000000000000000,0.0000000000000000,0.0000000000000000,0.0000000000000000,0.0000000000000000,0.0000000000000000,,,,,,,,,,,,,,,,,,,,,,,,,,,,,,,,,,,,,,,,,,,,,,,,
12.4475727081298828,26.6337642669677734,1.6885504722595215,0.0000000000000000,-14.2499294281005859,13.5284471511840820,17.5491352081298828,0.0000000000000000,18.5816459655761719,-4.4096879959106445,-7.2097764015197754,0.0000000000000000,-7.1464724540710449,-15.8246326446533203,19.5341644287109375,-7.3893246650695801,,,,,,,,,,,,,,,,,,,,,,,,,,,,,,,,,,,,,,,,,,,,,,,,
0.8172925710678101,1.7487406730651855,0.1108681783080101,0.0000000000000000,-0.9356331229209900,0.8882614374160767,1.1522549390792847,0.0000000000000000,1.2200483083724976,-0.2895347774028778,-0.4733851850032806,0.0000000000000000,-0.4692287147045135,-1.0390262603759766,1.2825895547866821,-0.4851741194725037,,,,,,,,,,,,,,,,,,,,,,,,,,,,,,,,,,,,,,,,,,,,,,,,
0.0000000000000000,0.0000000000000000,0.0000000000000000,0.0000000000000000,0.0000000000000000,0.0000000000000000,0.0000000000000000,0.0000000000000000,0.0000000000000000,0.0000000000000000,0.0000000000000000,0.0000000000000000,0.0000000000000000,0.0000000000000000,0.0000000000000000,0.0000000000000000,,,,,,,,,,,,,,,,,,,,,,,,,,,,,,,,,,,,,,,,,,,,,,,,
6.0523729324340820,12.9501123428344727,0.8210225105285645,0.0000000000000000,-6.9287309646606445,6.5779252052307129,8.5329008102416992,0.0000000000000000,9.0349378585815430,-2.1441190242767334,-3.5056035518646240,0.0000000000000000,-3.4748232364654541,-7.6943979263305664,9.4980802536010742,-3.5929050445556641,,,,,,,,,,,,,,,,,,,,,,,,,,,,,,,,,,,,,,,,,,,,,,,,
0.6672801971435547,1.4277629852294922,0.0905185565352440,0.0000000000000000,-0.7638996243476868,0.7252228856086731,0.9407609105110168,0.0000000000000000,0.9961109757423401,-0.2363912761211395,-0.3864963054656982,0.0000000000000000,-0.3831027448177338,-0.8483151197433472,1.0471729040145874,-0.3961214125156403,,,,,,,,,,,,,,,,,,,,,,,,,,,,,,,,,,,,,,,,,,,,,,,,
0.0000000000000000,0.0000000000000000,0.0000000000000000,0.0000000000000000,0.0000000000000000,0.0000000000000000,0.0000000000000000,0.0000000000000000,0.0000000000000000,0.0000000000000000,0.0000000000000000,0.0000000000000000,0.0000000000000000,0.0000000000000000,0.0000000000000000,0.0000000000000000,,,,,,,,,,,,,,,,,,,,,,,,,,,,,,,,,,,,,,,,,,,,,,,,
0.0000000000000000,0.0000000000000000,0.0000000000000000,0.0000000000000000,0.0000000000000000,0.0000000000000000,0.0000000000000000,0.0000000000000000,0.0000000000000000,0.0000000000000000,0.0000000000000000,0.0000000000000000,0.0000000000000000,0.0000000000000000,0.0000000000000000,0.0000000000000000,,,,,,,,,,,,,,,,,,,,,,,,,,,,,,,,,,,,,,,,,,,,,,,,
3.3622915744781494,7.1942124366760254,0.4561049342155457,0.0000000000000000,-3.8491375446319580,3.6542532444000244,4.7403063774108887,0.0000000000000000,5.0192041397094727,-1.1911283731460571,-1.9474776983261108,0.0000000000000000,-1.9303783178329468,-4.2744903564453125,5.2764949798583984,-1.9959766864776611,,,,,,,,,,,,,,,,,,,,,,,,,,,,,,,,,,,,,,,,,,,,,,,,
0.0000000000000000,0.0000000000000000,0.0000000000000000,0.0000000000000000,0.0000000000000000,0.0000000000000000,0.0000000000000000,0.0000000000000000,0.0000000000000000,0.0000000000000000,0.0000000000000000,0.0000000000000000,0.0000000000000000,0.0000000000000000,0.0000000000000000,0.0000000000000000,,,,,,,,,,,,,,,,,,,,,,,,,,,,,,,,,,,,,,,,,,,,,,,,
11.0557727813720703,23.6557636260986328,1.4997487068176270,0.0000000000000000,-12.6566028594970703,12.0157918930053711,15.5869140625000000,0.0000000000000000,16.5039768218994141,-3.9166278839111328,-6.4036302566528320,0.0000000000000000,-6.3474040031433105,-14.0552339553833008,17.3499927520751953,-6.5631027221679688,,,,,,,,,,,,,,,,,,,,,,,,,,,,,,,,,,,,,,,,,,,,,,,,
2.6976265907287598,5.7720446586608887,0.3659411072731018,0.0000000000000000,-3.0882315635681152,2.9318726062774658,3.8032324314117432,0.0000000000000000,4.0269970893859863,-0.9556635618209839,-1.5624960660934448,0.0000000000000000,-1.5487768650054932,-3.4294998645782471,4.2334260940551758,-1.6014076471328735,,,,,,,,,,,,,,,,,,,,,,,,,,,,,,,,,,,,,,,,,,,,,,,,
0.0000000000000000,0.0000000000000000,0.0000000000000000,0.0000000000000000,0.0000000000000000,0.0000000000000000,0.0000000000000000,0.0000000000000000,0.0000000000000000,0.0000000000000000,0.0000000000000000,0.0000000000000000,0.0000000000000000,0.0000000000000000,0.0000000000000000,0.0000000000000000,,,,,,,,,,,,,,,,,,,,,,,,,,,,,,,,,,,,,,,,,,,,,,,,
11.1993932723999023,23.9630641937255859,1.5192312002182007,0.0000000000000000,-12.8210182189941406,12.1718826293945312,15.7893962860107422,0.0000000000000000,16.7183723449707031,-3.9675068855285645,-6.4868164062500000,0.0000000000000000,-6.4298601150512695,-14.2378187179565430,17.5753765106201172,-6.6483607292175293,,,,,,,,,,,,,,,,,,,,,,,,,,,,,,,,,,,,,,,,,,,,,,,,
0.0000000000000000,0.0000000000000000,0.0000000000000000,0.0000000000000000,0.0000000000000000,0.0000000000000000,0.0000000000000000,0.0000000000000000,0.0000000000000000,0.0000000000000000,0.0000000000000000,0.0000000000000000,0.0000000000000000,0.0000000000000000,0.0000000000000000,0.0000000000000000,,,,,,,,,,,,,,,,,,,,,,,,,,,,,,,,,,,,,,,,,,,,,,,,
0.0000000000000000,0.0000000000000000,0.0000000000000000,0.0000000000000000,0.0000000000000000,0.0000000000000000,0.0000000000000000,0.0000000000000000,0.0000000000000000,0.0000000000000000,0.0000000000000000,0.0000000000000000,0.0000000000000000,0.0000000000000000,0.0000000000000000,0.0000000000000000,,,,,,,,,,,,,,,,,,,,,,,,,,,,,,,,,,,,,,,,,,,,,,,,
2.1868073940277100,4.6790580749511719,0.2966469824314117,0.0000000000000000,-2.5034482479095459,2.3766970634460449,3.0830571651458740,0.0000000000000000,3.2644503116607666,-0.7747003436088562,-1.2666238546371460,0.0000000000000000,-1.2555025815963745,-2.7800943851470947,3.4317901134490967,-1.2981672286987305,,,,,,,,,,,,,,,,,,,,,,,,,,,,,,,,,,,,,,,,,,,,,,,,
0.0000000000000000,0.0000000000000000,0.0000000000000000,0.0000000000000000,0.0000000000000000,0.0000000000000000,0.0000000000000000,0.0000000000000000,0.0000000000000000,0.0000000000000000,0.0000000000000000,0.0000000000000000,0.0000000000000000,0.0000000000000000,0.0000000000000000,0.0000000000000000,,,,,,,,,,,,,,,,,,,,,,,,,,,,,,,,,,,,,,,,,,,,,,,,
11.8414850234985352,25.3369312286376953,1.6063328981399536,0.0000000000000000,-13.5560827255249023,12.8697299957275391,16.6946449279785156,0.0000000000000000,17.6768817901611328,-4.1949748992919922,-6.8587231636047363,0.0000000000000000,-6.7985014915466309,-15.0541114807128906,18.5830211639404297,-7.0295290946960449,,,,,,,,,,,,,,,,,,,,,,,,,,,,,,,,,,,,,,,,,,,,,,,,
0.0000000000000000,0.0000000000000000,0.0000000000000000,0.0000000000000000,0.0000000000000000,0.0000000000000000,0.0000000000000000,0.0000000000000000,0.0000000000000000,0.0000000000000000,0.0000000000000000,0.0000000000000000,0.0000000000000000,0.0000000000000000,0.0000000000000000,0.0000000000000000,,,,,,,,,,,,,,,,,,,,,,,,,,,,,,,,,,,,,,,,,,,,,,,,
1.9314497709274292,4.1326751708984375,0.2620069384574890,0.0000000000000000,-2.2111155986785889,2.0991656780242920,2.7230427265167236,0.0000000000000000,2.8832540512084961,-0.6842371225357056,-1.1187177896499634,0.0000000000000000,-1.1088950634002686,-2.4554574489593506,3.0310535430908203,-1.1465777158737183,,,,,,,,,,,,,,,,,,,,,,,,,,,,,,,,,,,,,,,,,,,,,,,,
0.0000000000000000,0.0000000000000000,0.0000000000000000,0.0000000000000000,0.0000000000000000,0.0000000000000000,0.0000000000000000,0.0000000000000000,0.0000000000000000,0.0000000000000000,0.0000000000000000,0.0000000000000000,0.0000000000000000,0.0000000000000000,0.0000000000000000,0.0000000000000000,,,,,,,,,,,,,,,,,,,,,,,,,,,,,,,,,,,,,,,,,,,,,,,,
4.0959596633911133,8.7640228271484375,0.5556291937828064,0.0000000000000000,-4.6890373229980469,4.4516286849975586,5.7746634483337402,0.0000000000000000,6.1144185066223145,-1.4510382413864136,-2.3724265098571777,0.0000000000000000,-2.3515958786010742,-5.2072043418884277,6.4278512001037598,-2.4315083026885986,,,,,,,,,,,,,,,,,,,,,,,,,,,,,,,,,,,,,,,,,,,,,,,,
0.0000000000000000,0.0000000000000000,0.0000000000000000,0.0000000000000000,0.0000000000000000,0.0000000000000000,0.0000000000000000,0.0000000000000000,0.0000000000000000,0.0000000000000000,0.0000000000000000,0.0000000000000000,0.0000000000000000,0.0000000000000000,0.0000000000000000,0.0000000000000000,,,,,,,,,,,,,,,,,,,,,,,,,,,,,,,,,,,,,,,,,,,,,,,,
1.4761128425598145,3.1584022045135498,0.2002391219139099,0.0000000000000000,-1.6898478269577026,1.6042897701263428,2.0810887813568115,0.0000000000000000,2.2035305500030518,-0.5229290723800659,-0.8549814224243164,0.0000000000000000,-0.8474743962287903,-1.8765863180160522,2.3164863586425781,-0.8762734532356262,,,,,,,,,,,,,,,,,,,,,,,,,,,,,,,,,,,,,,,,,,,,,,,,
2.7239952087402344,,,,,,,,,,,,,,,,,,,,,,,,,,,,,,,,,,,,,,,,,,,,,,,,,,,,,,,,,,,,,,,
25.7490406036376953,,,,,,,,,,,,,,,,,,,,,,,,,,,,,,,,,,,,,,,,,,,,,,,,,,,,,,,,,,,,,,,
2.8521764278411865,,,,,,,,,,,,,,,,,,,,,,,,,,,,,,,,,,,,,,,,,,,,,,,,,,,,,,,,,,,,,,,
0.0000000000000000,,,,,,,,,,,,,,,,,,,,,,,,,,,,,,,,,,,,,,,,,,,,,,,,,,,,,,,,,,,,,,,
17.4495716094970703,,,,,,,,,,,,,,,,,,,,,,,,,,,,,,,,,,,,,,,,,,,,,,,,,,,,,,,,,,,,,,,
14.1804723739624023,,,,,,,,,,,,,,,,,,,,,,,,,,,,,,,,,,,,,,,,,,,,,,,,,,,,,,,,,,,,,,,
20.5256690979003906,,,,,,,,,,,,,,,,,,,,,,,,,,,,,,,,,,,,,,,,,,,,,,,,,,,,,,,,,,,,,,,
0.0000000000000000,,,,,,,,,,,,,,,,,,,,,,,,,,,,,,,,,,,,,,,,,,,,,,,,,,,,,,,,,,,,,,,
34.2901115417480469,,,,,,,,,,,,,,,,,,,,,,,,,,,,,,,,,,,,,,,,,,,,,,,,,,,,,,,,,,,,,,,
17.6600723266601562,,,,,,,,,,,,,,,,,,,,,,,,,,,,,,,,,,,,,,,,,,,,,,,,,,,,,,,,,,,,,,,
15.7528200149536133,,,,,,,,,,,,,,,,,,,,,,,,,,,,,,,,,,,,,,,,,,,,,,,,,,,,,,,,,,,,,,,
0.0000000000000000,,,,,,,,,,,,,,,,,,,,,,,,,,,,,,,,,,,,,,,,,,,,,,,,,,,,,,,,,,,,,,,
14.1186847686767578,,,,,,,,,,,,,,,,,,,,,,,,,,,,,,,,,,,,,,,,,,,,,,,,,,,,,,,,,,,,,,,
40.5804481506347656,,,,,,,,,,,,,,,,,,,,,,,,,,,,,,,,,,,,,,,,,,,,,,,,,,,,,,,,,,,,,,,
42.8525810241699219,,,,,,,,,,,,,,,,,,,,,,,,,,,,,,,,,,,,,,,,,,,,,,,,,,,,,,,,,,,,,,,
27.8474941253662109,,,,,,,,,,,,,,,,,,,,,,,,,,,,,,,,,,,,,,,,,,,,,,,,,,,,,,,,,,,,,,,
